match_id,id,Elixir,ally_prince_tower_left,ally_prince_tower_right,ally_king_tower,enemy_prince_tower_left,enemy_prince_tower_right,enemy_king_tower,archers_ally,archers_ally_x,archers_ally_y,archers_enemy,archers_enemy_x,archers_enemy_y,giant_ally,giant_ally_x,giant_ally_y,giant_enemy,giant_enemy_x,giant_enemy_y,minions_ally,minions_ally_x,minions_ally_y,minions_enemy,minions_enemy_x,minions_enemy_y,goblin cage_ally,goblin cage_ally_x,goblin cage_ally_y,goblin cage_enemy,goblin cage_enemy_x,goblin cage_enemy_y,goblin gang_ally,goblin gang_ally_x,goblin gang_ally_y,goblin gang_enemy,goblin gang_enemy_x,goblin gang_enemy_y,goblin hut_ally,goblin hut_ally_x,goblin hut_ally_y,goblin hut_enemy,goblin hut_enemy_x,goblin hut_enemy_y,goblins_ally,goblins_ally_x,goblins_ally_y,goblins_enemy,goblins_enemy_x,goblins_enemy_y,knight_ally,knight_ally_x,knight_ally_y,knight_enemy,knight_enemy_x,knight_enemy_y,mini pekka_ally,mini pekka_ally_x,mini pekka_ally_y,mini pekka_enemy,mini pekka_enemy_x,mini pekka_enemy_y,musketeer_ally,musketeer_ally_x,musketeer_ally_y,musketeer_enemy,musketeer_enemy_x,musketeer_enemy_y,spear goblins_ally,spear goblins_ally_x,spear goblins_ally_y,spear goblins_enemy,spear goblins_enemy_x,spear goblins_enemy_y,archers_ally_enemy_archers_d,archers_ally_enemy_giant_d,archers_ally_enemy_minions_d,archers_ally_enemy_goblin cage_d,archers_ally_enemy_goblin gang_d,archers_ally_enemy_goblin hut_d,archers_ally_enemy_goblins_d,archers_ally_enemy_knight_d,archers_ally_enemy_mini pekka_d,archers_ally_enemy_musketeer_d,archers_ally_enemy_spear goblins_d,giant_ally_enemy_archers_d,giant_ally_enemy_giant_d,giant_ally_enemy_minions_d,giant_ally_enemy_goblin cage_d,giant_ally_enemy_goblin gang_d,giant_ally_enemy_goblin hut_d,giant_ally_enemy_goblins_d,giant_ally_enemy_knight_d,giant_ally_enemy_mini pekka_d,giant_ally_enemy_musketeer_d,giant_ally_enemy_spear goblins_d,minions_ally_enemy_archers_d,minions_ally_enemy_giant_d,minions_ally_enemy_minions_d,minions_ally_enemy_goblin cage_d,minions_ally_enemy_goblin gang_d,minions_ally_enemy_goblin hut_d,minions_ally_enemy_goblins_d,minions_ally_enemy_knight_d,minions_ally_enemy_mini pekka_d,minions_ally_enemy_musketeer_d,minions_ally_enemy_spear goblins_d,goblin cage_ally_enemy_archers_d,goblin cage_ally_enemy_giant_d,goblin cage_ally_enemy_minions_d,goblin cage_ally_enemy_goblin cage_d,goblin cage_ally_enemy_goblin gang_d,goblin cage_ally_enemy_goblin hut_d,goblin cage_ally_enemy_goblins_d,goblin cage_ally_enemy_knight_d,goblin cage_ally_enemy_mini pekka_d,goblin cage_ally_enemy_musketeer_d,goblin cage_ally_enemy_spear goblins_d,goblin gang_ally_enemy_archers_d,goblin gang_ally_enemy_giant_d,goblin gang_ally_enemy_minions_d,goblin gang_ally_enemy_goblin cage_d,goblin gang_ally_enemy_goblin gang_d,goblin gang_ally_enemy_goblin hut_d,goblin gang_ally_enemy_goblins_d,goblin gang_ally_enemy_knight_d,goblin gang_ally_enemy_mini pekka_d,goblin gang_ally_enemy_musketeer_d,goblin gang_ally_enemy_spear goblins_d,goblin hut_ally_enemy_archers_d,goblin hut_ally_enemy_giant_d,goblin hut_ally_enemy_minions_d,goblin hut_ally_enemy_goblin cage_d,goblin hut_ally_enemy_goblin gang_d,goblin hut_ally_enemy_goblin hut_d,goblin hut_ally_enemy_goblins_d,goblin hut_ally_enemy_knight_d,goblin hut_ally_enemy_mini pekka_d,goblin hut_ally_enemy_musketeer_d,goblin hut_ally_enemy_spear goblins_d,goblins_ally_enemy_archers_d,goblins_ally_enemy_giant_d,goblins_ally_enemy_minions_d,goblins_ally_enemy_goblin cage_d,goblins_ally_enemy_goblin gang_d,goblins_ally_enemy_goblin hut_d,goblins_ally_enemy_goblins_d,goblins_ally_enemy_knight_d,goblins_ally_enemy_mini pekka_d,goblins_ally_enemy_musketeer_d,goblins_ally_enemy_spear goblins_d,knight_ally_enemy_archers_d,knight_ally_enemy_giant_d,knight_ally_enemy_minions_d,knight_ally_enemy_goblin cage_d,knight_ally_enemy_goblin gang_d,knight_ally_enemy_goblin hut_d,knight_ally_enemy_goblins_d,knight_ally_enemy_knight_d,knight_ally_enemy_mini pekka_d,knight_ally_enemy_musketeer_d,knight_ally_enemy_spear goblins_d,mini pekka_ally_enemy_archers_d,mini pekka_ally_enemy_giant_d,mini pekka_ally_enemy_minions_d,mini pekka_ally_enemy_goblin cage_d,mini pekka_ally_enemy_goblin gang_d,mini pekka_ally_enemy_goblin hut_d,mini pekka_ally_enemy_goblins_d,mini pekka_ally_enemy_knight_d,mini pekka_ally_enemy_mini pekka_d,mini pekka_ally_enemy_musketeer_d,mini pekka_ally_enemy_spear goblins_d,musketeer_ally_enemy_archers_d,musketeer_ally_enemy_giant_d,musketeer_ally_enemy_minions_d,musketeer_ally_enemy_goblin cage_d,musketeer_ally_enemy_goblin gang_d,musketeer_ally_enemy_goblin hut_d,musketeer_ally_enemy_goblins_d,musketeer_ally_enemy_knight_d,musketeer_ally_enemy_mini pekka_d,musketeer_ally_enemy_musketeer_d,musketeer_ally_enemy_spear goblins_d,spear goblins_ally_enemy_archers_d,spear goblins_ally_enemy_giant_d,spear goblins_ally_enemy_minions_d,spear goblins_ally_enemy_goblin cage_d,spear goblins_ally_enemy_goblin gang_d,spear goblins_ally_enemy_goblin hut_d,spear goblins_ally_enemy_goblins_d,spear goblins_ally_enemy_knight_d,spear goblins_ally_enemy_mini pekka_d,spear goblins_ally_enemy_musketeer_d,spear goblins_ally_enemy_spear goblins_d,action,pos_x,pos_y,archers_avab,giant_avab,minions_avab,goblin cage_avab,goblin gang_avab,goblin hut_avab,goblins_avab,knight_avab,mini pekka_avab,musketeer_avab,spear goblins_avab
32,0,10,1,1,1,1,1,1,0,-1.0,-1.0,0,-1.0,-1.0,0,-1.0,-1.0,0,-1.0,-1.0,0,-1.0,-1.0,0,-1.0,-1.0,0,-1.0,-1.0,0,-1.0,-1.0,0,-1.0,-1.0,0,-1.0,-1.0,0,-1.0,-1.0,0,-1.0,-1.0,0,-1.0,-1.0,0,-1.0,-1.0,0,-1.0,-1.0,0,-1.0,-1.0,0,-1.0,-1.0,0,-1.0,-1.0,0,-1.0,-1.0,0,-1.0,-1.0,0,-1.0,-1.0,0,-1.0,-1.0,-1,-1,-1,-1,-1,-1,-1,-1,-1,-1,-1,-1,-1,-1,-1,-1,-1,-1,-1,-1,-1,-1,-1,-1,-1,-1,-1,-1,-1,-1,-1,-1,-1,-1,-1,-1,-1,-1,-1,-1,-1,-1,-1,-1,-1,-1,-1,-1,-1,-1,-1,-1,-1,-1,-1,-1,-1,-1,-1,-1,-1,-1,-1,-1,-1,-1,-1,-1,-1,-1,-1,-1,-1,-1,-1,-1,-1,-1,-1,-1,-1,-1,-1,-1,-1,-1,-1,-1,-1,-1,-1,-1,-1,-1,-1,-1,-1,-1,-1,-1,-1,-1,-1,-1,-1,-1,-1,-1,-1,-1,-1,-1,-1,-1,-1,-1,-1,-1,-1,-1,-1,wait,-1.0,-1.0,1,0,0,1,0,0,0,1,0,0,1
32,1,6,1,1,1,1,1,1,0,-1.0,-1.0,0,-1.0,-1.0,0,-1.0,-1.0,0,-1.0,-1.0,0,-1.0,-1.0,0,-1.0,-1.0,0,-1.0,-1.0,0,-1.0,-1.0,0,-1.0,-1.0,0,-1.0,-1.0,0,-1.0,-1.0,0,-1.0,-1.0,0,-1.0,-1.0,0,-1.0,-1.0,1,5.0,1.0,0,-1.0,-1.0,0,-1.0,-1.0,0,-1.0,-1.0,1,3.0,11.0,0,-1.0,-1.0,0,-1.0,-1.0,0,-1.0,-1.0,-1,-1,-1,-1,-1,-1,-1,-1,-1,-1,-1,-1,-1,-1,-1,-1,-1,-1,-1,-1,-1,-1,-1,-1,-1,-1,-1,-1,-1,-1,-1,-1,-1,-1,-1,-1,-1,-1,-1,-1,-1,-1,-1,-1,-1,-1,-1,-1,-1,-1,-1,-1,-1,-1,-1,-1,-1,-1,-1,-1,-1,-1,-1,-1,-1,-1,-1,-1,-1,-1,-1,-1,-1,-1,-1,-1,-1,-1,-1,-1,-1,-1,-1,-1,-1,-1,-1,-1,-1,-1,-1,-1,-1,-1,-1,-1,-1,-1,-1,-1,-1,-1,-1,-1,-1,-1,-1,-1,-1,-1,-1,-1,-1,-1,-1,-1,-1,-1,-1,-1,-1,wait,-1.0,-1.0,1,0,0,1,0,0,0,1,0,0,1
32,2,8,1,1,1,1,1,1,0,-1.0,-1.0,0,-1.0,-1.0,0,-1.0,-1.0,0,-1.0,-1.0,0,-1.0,-1.0,0,-1.0,-1.0,0,-1.0,-1.0,0,-1.0,-1.0,0,-1.0,-1.0,0,-1.0,-1.0,0,-1.0,-1.0,0,-1.0,-1.0,0,-1.0,-1.0,0,-1.0,-1.0,1,6.0,3.0,1,6.0,3.0,0,-1.0,-1.0,0,-1.0,-1.0,1,2.0,10.0,0,-1.0,-1.0,0,-1.0,-1.0,0,-1.0,-1.0,-1,-1,-1,-1,-1,-1,-1,-1,-1,-1,-1,-1,-1,-1,-1,-1,-1,-1,-1,-1,-1,-1,-1,-1,-1,-1,-1,-1,-1,-1,-1,-1,-1,-1,-1,-1,-1,-1,-1,-1,-1,-1,-1,-1,-1,-1,-1,-1,-1,-1,-1,-1,-1,-1,-1,-1,-1,-1,-1,-1,-1,-1,-1,-1,-1,-1,-1,-1,-1,-1,-1,-1,-1,-1,-1,-1,-1,-1,-1,-1,-1,-1,-1,-1,0,-1,-1,-1,-1,-1,-1,-1,-1,-1,-1,-1,-1,-1,-1,-1,-1,-1,-1,-1,-1,-1,444,-1,-1,-1,-1,-1,-1,-1,-1,-1,-1,-1,-1,-1,-1,spear goblins,1.0,8.0,1,0,0,1,0,0,0,1,0,0,1
32,3,5,1,1,1,1,1,1,0,-1.0,-1.0,0,-1.0,-1.0,0,-1.0,-1.0,0,-1.0,-1.0,0,-1.0,-1.0,0,-1.0,-1.0,0,-1.0,-1.0,0,-1.0,-1.0,0,-1.0,-1.0,0,-1.0,-1.0,0,-1.0,-1.0,0,-1.0,-1.0,0,-1.0,-1.0,0,-1.0,-1.0,1,6.0,4.0,0,-1.0,-1.0,0,-1.0,-1.0,0,-1.0,-1.0,1,2.0,9.0,0,-1.0,-1.0,0,-1.0,-1.0,0,-1.0,-1.0,-1,-1,-1,-1,-1,-1,-1,-1,-1,-1,-1,-1,-1,-1,-1,-1,-1,-1,-1,-1,-1,-1,-1,-1,-1,-1,-1,-1,-1,-1,-1,-1,-1,-1,-1,-1,-1,-1,-1,-1,-1,-1,-1,-1,-1,-1,-1,-1,-1,-1,-1,-1,-1,-1,-1,-1,-1,-1,-1,-1,-1,-1,-1,-1,-1,-1,-1,-1,-1,-1,-1,-1,-1,-1,-1,-1,-1,-1,-1,-1,-1,-1,-1,-1,-1,-1,-1,-1,-1,-1,-1,-1,-1,-1,-1,-1,-1,-1,-1,-1,-1,-1,-1,-1,-1,-1,-1,-1,-1,-1,-1,-1,-1,-1,-1,-1,-1,-1,-1,-1,-1,wait,-1.0,-1.0,1,0,0,1,0,0,0,0,1,0,1
32,4,7,1,1,1,1,1,1,0,-1.0,-1.0,1,5.0,2.0,0,-1.0,-1.0,0,-1.0,-1.0,0,-1.0,-1.0,0,-1.0,-1.0,0,-1.0,-1.0,0,-1.0,-1.0,0,-1.0,-1.0,0,-1.0,-1.0,0,-1.0,-1.0,0,-1.0,-1.0,0,-1.0,-1.0,0,-1.0,-1.0,1,6.0,5.0,1,6.0,5.0,0,-1.0,-1.0,0,-1.0,-1.0,1,2.0,8.0,0,-1.0,-1.0,0,-1.0,-1.0,0,-1.0,-1.0,-1,-1,-1,-1,-1,-1,-1,-1,-1,-1,-1,-1,-1,-1,-1,-1,-1,-1,-1,-1,-1,-1,-1,-1,-1,-1,-1,-1,-1,-1,-1,-1,-1,-1,-1,-1,-1,-1,-1,-1,-1,-1,-1,-1,-1,-1,-1,-1,-1,-1,-1,-1,-1,-1,-1,-1,-1,-1,-1,-1,-1,-1,-1,-1,-1,-1,-1,-1,-1,-1,-1,-1,-1,-1,-1,-1,-1,195,-1,-1,-1,-1,-1,-1,0,-1,-1,-1,-1,-1,-1,-1,-1,-1,-1,-1,-1,-1,-1,361,-1,-1,-1,-1,-1,-1,263,-1,-1,-1,-1,-1,-1,-1,-1,-1,-1,-1,-1,-1,-1,wait,-1.0,-1.0,1,0,0,1,0,0,0,0,1,0,1
32,5,6,1,1,1,1,1,1,0,-1.0,-1.0,1,2.0,6.0,0,-1.0,-1.0,0,-1.0,-1.0,0,-1.0,-1.0,0,-1.0,-1.0,0,-1.0,-1.0,0,-1.0,-1.0,0,-1.0,-1.0,0,-1.0,-1.0,0,-1.0,-1.0,0,-1.0,-1.0,0,-1.0,-1.0,0,-1.0,-1.0,1,1.0,6.0,1,6.0,7.0,0,-1.0,-1.0,0,-1.0,-1.0,1,2.0,7.0,0,-1.0,-1.0,1,5.0,10.0,0,-1.0,-1.0,-1,-1,-1,-1,-1,-1,-1,-1,-1,-1,-1,-1,-1,-1,-1,-1,-1,-1,-1,-1,-1,-1,-1,-1,-1,-1,-1,-1,-1,-1,-1,-1,-1,-1,-1,-1,-1,-1,-1,-1,-1,-1,-1,-1,-1,-1,-1,-1,-1,-1,-1,-1,-1,-1,-1,-1,-1,-1,-1,-1,-1,-1,-1,-1,-1,-1,-1,-1,-1,-1,-1,-1,-1,-1,-1,-1,-1,45,-1,-1,-1,-1,-1,-1,304,-1,-1,-1,-1,-1,-1,-1,-1,-1,-1,-1,-1,-1,-1,50,-1,-1,-1,-1,-1,-1,258,-1,-1,-1,279,-1,-1,-1,-1,-1,-1,153,-1,-1,-1,wait,-1.0,-1.0,1,0,0,1,0,0,0,0,1,0,0
32,6,7,1,1,1,1,1,1,0,-1.0,-1.0,1,6.0,4.0,0,-1.0,-1.0,1,6.0,8.0,0,-1.0,-1.0,0,-1.0,-1.0,0,-1.0,-1.0,0,-1.0,-1.0,0,-1.0,-1.0,0,-1.0,-1.0,0,-1.0,-1.0,0,-1.0,-1.0,0,-1.0,-1.0,0,-1.0,-1.0,0,-1.0,-1.0,1,2.0,7.0,0,-1.0,-1.0,0,-1.0,-1.0,0,-1.0,-1.0,0,-1.0,-1.0,1,6.0,9.0,0,-1.0,-1.0,-1,-1,-1,-1,-1,-1,-1,-1,-1,-1,-1,-1,-1,-1,-1,-1,-1,-1,-1,-1,-1,-1,-1,-1,-1,-1,-1,-1,-1,-1,-1,-1,-1,-1,-1,-1,-1,-1,-1,-1,-1,-1,-1,-1,-1,-1,-1,-1,-1,-1,-1,-1,-1,-1,-1,-1,-1,-1,-1,-1,-1,-1,-1,-1,-1,-1,-1,-1,-1,-1,-1,-1,-1,-1,-1,-1,-1,-1,-1,-1,-1,-1,-1,-1,-1,-1,-1,-1,-1,-1,-1,-1,-1,-1,-1,-1,-1,-1,-1,-1,-1,-1,-1,-1,-1,-1,-1,-1,-1,-1,259,61,-1,-1,-1,-1,-1,288,-1,-1,-1,wait,-1.0,-1.0,1,0,0,1,0,0,0,0,1,0,0
32,7,8,1,1,1,1,1,1,0,-1.0,-1.0,1,2.0,6.0,0,-1.0,-1.0,0,-1.0,-1.0,0,-1.0,-1.0,0,-1.0,-1.0,0,-1.0,-1.0,0,-1.0,-1.0,0,-1.0,-1.0,0,-1.0,-1.0,0,-1.0,-1.0,0,-1.0,-1.0,0,-1.0,-1.0,0,-1.0,-1.0,0,-1.0,-1.0,1,6.0,9.0,0,-1.0,-1.0,0,-1.0,-1.0,0,-1.0,-1.0,0,-1.0,-1.0,1,6.0,10.0,0,-1.0,-1.0,-1,-1,-1,-1,-1,-1,-1,-1,-1,-1,-1,-1,-1,-1,-1,-1,-1,-1,-1,-1,-1,-1,-1,-1,-1,-1,-1,-1,-1,-1,-1,-1,-1,-1,-1,-1,-1,-1,-1,-1,-1,-1,-1,-1,-1,-1,-1,-1,-1,-1,-1,-1,-1,-1,-1,-1,-1,-1,-1,-1,-1,-1,-1,-1,-1,-1,-1,-1,-1,-1,-1,-1,-1,-1,-1,-1,-1,-1,-1,-1,-1,-1,-1,-1,-1,-1,-1,-1,-1,-1,-1,-1,-1,-1,-1,-1,-1,-1,-1,-1,-1,-1,-1,-1,-1,-1,-1,-1,-1,-1,321,-1,-1,-1,-1,-1,-1,56,-1,-1,-1,archers,3.0,9.0,1,0,0,1,0,0,0,0,1,0,0
32,8,9,1,1,1,1,1,1,0,-1.0,-1.0,1,2.0,7.0,0,-1.0,-1.0,0,-1.0,-1.0,0,-1.0,-1.0,0,-1.0,-1.0,0,-1.0,-1.0,0,-1.0,-1.0,0,-1.0,-1.0,0,-1.0,-1.0,0,-1.0,-1.0,0,-1.0,-1.0,0,-1.0,-1.0,0,-1.0,-1.0,0,-1.0,-1.0,0,-1.0,-1.0,0,-1.0,-1.0,0,-1.0,-1.0,0,-1.0,-1.0,0,-1.0,-1.0,0,-1.0,-1.0,0,-1.0,-1.0,-1,-1,-1,-1,-1,-1,-1,-1,-1,-1,-1,-1,-1,-1,-1,-1,-1,-1,-1,-1,-1,-1,-1,-1,-1,-1,-1,-1,-1,-1,-1,-1,-1,-1,-1,-1,-1,-1,-1,-1,-1,-1,-1,-1,-1,-1,-1,-1,-1,-1,-1,-1,-1,-1,-1,-1,-1,-1,-1,-1,-1,-1,-1,-1,-1,-1,-1,-1,-1,-1,-1,-1,-1,-1,-1,-1,-1,-1,-1,-1,-1,-1,-1,-1,-1,-1,-1,-1,-1,-1,-1,-1,-1,-1,-1,-1,-1,-1,-1,-1,-1,-1,-1,-1,-1,-1,-1,-1,-1,-1,-1,-1,-1,-1,-1,-1,-1,-1,-1,-1,-1,wait,-1.0,-1.0,1,0,0,1,0,0,0,0,1,0,0
32,9,7,1,1,1,1,1,1,1,3.0,8.0,0,-1.0,-1.0,0,-1.0,-1.0,0,-1.0,-1.0,0,-1.0,-1.0,0,-1.0,-1.0,0,-1.0,-1.0,0,-1.0,-1.0,0,-1.0,-1.0,0,-1.0,-1.0,0,-1.0,-1.0,0,-1.0,-1.0,0,-1.0,-1.0,0,-1.0,-1.0,0,-1.0,-1.0,0,-1.0,-1.0,0,-1.0,-1.0,0,-1.0,-1.0,0,-1.0,-1.0,0,-1.0,-1.0,0,-1.0,-1.0,0,-1.0,-1.0,-1,-1,-1,-1,-1,-1,-1,-1,-1,-1,-1,-1,-1,-1,-1,-1,-1,-1,-1,-1,-1,-1,-1,-1,-1,-1,-1,-1,-1,-1,-1,-1,-1,-1,-1,-1,-1,-1,-1,-1,-1,-1,-1,-1,-1,-1,-1,-1,-1,-1,-1,-1,-1,-1,-1,-1,-1,-1,-1,-1,-1,-1,-1,-1,-1,-1,-1,-1,-1,-1,-1,-1,-1,-1,-1,-1,-1,-1,-1,-1,-1,-1,-1,-1,-1,-1,-1,-1,-1,-1,-1,-1,-1,-1,-1,-1,-1,-1,-1,-1,-1,-1,-1,-1,-1,-1,-1,-1,-1,-1,-1,-1,-1,-1,-1,-1,-1,-1,-1,-1,-1,wait,-1.0,-1.0,0,0,1,1,0,0,0,0,1,0,0
32,10,8,1,1,1,1,1,1,1,5.0,7.0,0,-1.0,-1.0,0,-1.0,-1.0,0,-1.0,-1.0,0,-1.0,-1.0,0,-1.0,-1.0,0,-1.0,-1.0,0,-1.0,-1.0,0,-1.0,-1.0,0,-1.0,-1.0,0,-1.0,-1.0,0,-1.0,-1.0,0,-1.0,-1.0,0,-1.0,-1.0,0,-1.0,-1.0,0,-1.0,-1.0,0,-1.0,-1.0,0,-1.0,-1.0,0,-1.0,-1.0,0,-1.0,-1.0,0,-1.0,-1.0,0,-1.0,-1.0,-1,-1,-1,-1,-1,-1,-1,-1,-1,-1,-1,-1,-1,-1,-1,-1,-1,-1,-1,-1,-1,-1,-1,-1,-1,-1,-1,-1,-1,-1,-1,-1,-1,-1,-1,-1,-1,-1,-1,-1,-1,-1,-1,-1,-1,-1,-1,-1,-1,-1,-1,-1,-1,-1,-1,-1,-1,-1,-1,-1,-1,-1,-1,-1,-1,-1,-1,-1,-1,-1,-1,-1,-1,-1,-1,-1,-1,-1,-1,-1,-1,-1,-1,-1,-1,-1,-1,-1,-1,-1,-1,-1,-1,-1,-1,-1,-1,-1,-1,-1,-1,-1,-1,-1,-1,-1,-1,-1,-1,-1,-1,-1,-1,-1,-1,-1,-1,-1,-1,-1,-1,minions,4.0,8.0,0,0,1,1,0,0,0,0,1,0,0
32,11,8,1,1,1,1,1,1,1,6.0,6.0,0,-1.0,-1.0,0,-1.0,-1.0,0,-1.0,-1.0,0,-1.0,-1.0,0,-1.0,-1.0,1,4.0,4.0,0,-1.0,-1.0,0,-1.0,-1.0,0,-1.0,-1.0,0,-1.0,-1.0,0,-1.0,-1.0,0,-1.0,-1.0,0,-1.0,-1.0,0,-1.0,-1.0,0,-1.0,-1.0,0,-1.0,-1.0,0,-1.0,-1.0,0,-1.0,-1.0,0,-1.0,-1.0,0,-1.0,-1.0,0,-1.0,-1.0,-1,-1,-1,-1,-1,-1,-1,-1,-1,-1,-1,-1,-1,-1,-1,-1,-1,-1,-1,-1,-1,-1,-1,-1,-1,-1,-1,-1,-1,-1,-1,-1,-1,-1,-1,-1,-1,-1,-1,-1,-1,-1,-1,-1,-1,-1,-1,-1,-1,-1,-1,-1,-1,-1,-1,-1,-1,-1,-1,-1,-1,-1,-1,-1,-1,-1,-1,-1,-1,-1,-1,-1,-1,-1,-1,-1,-1,-1,-1,-1,-1,-1,-1,-1,-1,-1,-1,-1,-1,-1,-1,-1,-1,-1,-1,-1,-1,-1,-1,-1,-1,-1,-1,-1,-1,-1,-1,-1,-1,-1,-1,-1,-1,-1,-1,-1,-1,-1,-1,-1,-1,wait,-1.0,-1.0,0,0,1,1,0,0,0,0,1,0,0
32,12,7,1,1,1,1,1,1,1,2.0,6.0,0,-1.0,-1.0,0,-1.0,-1.0,0,-1.0,-1.0,0,-1.0,-1.0,0,-1.0,-1.0,0,-1.0,-1.0,0,-1.0,-1.0,0,-1.0,-1.0,0,-1.0,-1.0,0,-1.0,-1.0,0,-1.0,-1.0,0,-1.0,-1.0,0,-1.0,-1.0,0,-1.0,-1.0,0,-1.0,-1.0,0,-1.0,-1.0,0,-1.0,-1.0,1,2.0,6.0,1,3.0,5.0,0,-1.0,-1.0,0,-1.0,-1.0,-1,-1,-1,-1,-1,-1,-1,-1,-1,93,-1,-1,-1,-1,-1,-1,-1,-1,-1,-1,-1,-1,-1,-1,-1,-1,-1,-1,-1,-1,-1,-1,-1,-1,-1,-1,-1,-1,-1,-1,-1,-1,-1,-1,-1,-1,-1,-1,-1,-1,-1,-1,-1,-1,-1,-1,-1,-1,-1,-1,-1,-1,-1,-1,-1,-1,-1,-1,-1,-1,-1,-1,-1,-1,-1,-1,-1,-1,-1,-1,-1,-1,-1,-1,-1,-1,-1,-1,-1,-1,-1,-1,-1,-1,-1,-1,-1,-1,-1,-1,-1,-1,-1,-1,-1,-1,-1,-1,93,-1,-1,-1,-1,-1,-1,-1,-1,-1,-1,-1,-1,wait,-1.0,-1.0,0,0,0,1,0,0,0,0,1,1,0
32,13,8,1,1,1,1,1,1,0,-1.0,-1.0,0,-1.0,-1.0,0,-1.0,-1.0,0,-1.0,-1.0,0,-1.0,-1.0,0,-1.0,-1.0,1,4.0,4.0,0,-1.0,-1.0,0,-1.0,-1.0,0,-1.0,-1.0,0,-1.0,-1.0,0,-1.0,-1.0,0,-1.0,-1.0,0,-1.0,-1.0,0,-1.0,-1.0,0,-1.0,-1.0,0,-1.0,-1.0,0,-1.0,-1.0,0,-1.0,-1.0,0,-1.0,-1.0,0,-1.0,-1.0,0,-1.0,-1.0,-1,-1,-1,-1,-1,-1,-1,-1,-1,-1,-1,-1,-1,-1,-1,-1,-1,-1,-1,-1,-1,-1,-1,-1,-1,-1,-1,-1,-1,-1,-1,-1,-1,-1,-1,-1,-1,-1,-1,-1,-1,-1,-1,-1,-1,-1,-1,-1,-1,-1,-1,-1,-1,-1,-1,-1,-1,-1,-1,-1,-1,-1,-1,-1,-1,-1,-1,-1,-1,-1,-1,-1,-1,-1,-1,-1,-1,-1,-1,-1,-1,-1,-1,-1,-1,-1,-1,-1,-1,-1,-1,-1,-1,-1,-1,-1,-1,-1,-1,-1,-1,-1,-1,-1,-1,-1,-1,-1,-1,-1,-1,-1,-1,-1,-1,-1,-1,-1,-1,-1,-1,mini pekka,6.0,8.0,0,0,0,1,0,0,0,0,1,1,0
32,14,4,1,1,1,1,1,1,0,-1.0,-1.0,0,-1.0,-1.0,0,-1.0,-1.0,0,-1.0,-1.0,0,-1.0,-1.0,0,-1.0,-1.0,0,-1.0,-1.0,0,-1.0,-1.0,0,-1.0,-1.0,0,-1.0,-1.0,0,-1.0,-1.0,0,-1.0,-1.0,0,-1.0,-1.0,0,-1.0,-1.0,0,-1.0,-1.0,0,-1.0,-1.0,0,-1.0,-1.0,0,-1.0,-1.0,0,-1.0,-1.0,0,-1.0,-1.0,0,-1.0,-1.0,0,-1.0,-1.0,-1,-1,-1,-1,-1,-1,-1,-1,-1,-1,-1,-1,-1,-1,-1,-1,-1,-1,-1,-1,-1,-1,-1,-1,-1,-1,-1,-1,-1,-1,-1,-1,-1,-1,-1,-1,-1,-1,-1,-1,-1,-1,-1,-1,-1,-1,-1,-1,-1,-1,-1,-1,-1,-1,-1,-1,-1,-1,-1,-1,-1,-1,-1,-1,-1,-1,-1,-1,-1,-1,-1,-1,-1,-1,-1,-1,-1,-1,-1,-1,-1,-1,-1,-1,-1,-1,-1,-1,-1,-1,-1,-1,-1,-1,-1,-1,-1,-1,-1,-1,-1,-1,-1,-1,-1,-1,-1,-1,-1,-1,-1,-1,-1,-1,-1,-1,-1,-1,-1,-1,-1,arrows,6.0,5.0,0,0,0,1,0,0,0,1,0,1,0
32,15,5,1,1,1,1,1,1,0,-1.0,-1.0,1,2.0,7.0,0,-1.0,-1.0,0,-1.0,-1.0,0,-1.0,-1.0,0,-1.0,-1.0,0,-1.0,-1.0,0,-1.0,-1.0,0,-1.0,-1.0,0,-1.0,-1.0,0,-1.0,-1.0,0,-1.0,-1.0,0,-1.0,-1.0,0,-1.0,-1.0,0,-1.0,-1.0,0,-1.0,-1.0,1,6.0,8.0,0,-1.0,-1.0,0,-1.0,-1.0,0,-1.0,-1.0,0,-1.0,-1.0,0,-1.0,-1.0,-1,-1,-1,-1,-1,-1,-1,-1,-1,-1,-1,-1,-1,-1,-1,-1,-1,-1,-1,-1,-1,-1,-1,-1,-1,-1,-1,-1,-1,-1,-1,-1,-1,-1,-1,-1,-1,-1,-1,-1,-1,-1,-1,-1,-1,-1,-1,-1,-1,-1,-1,-1,-1,-1,-1,-1,-1,-1,-1,-1,-1,-1,-1,-1,-1,-1,-1,-1,-1,-1,-1,-1,-1,-1,-1,-1,-1,-1,-1,-1,-1,-1,-1,-1,-1,-1,-1,-1,275,-1,-1,-1,-1,-1,-1,-1,-1,-1,-1,-1,-1,-1,-1,-1,-1,-1,-1,-1,-1,-1,-1,-1,-1,-1,-1,-1,-1,-1,-1,-1,-1,wait,-1.0,-1.0,0,0,0,1,0,0,0,1,0,1,0
32,16,4,1,1,1,1,1,1,1,5.0,6.0,0,-1.0,-1.0,0,-1.0,-1.0,0,-1.0,-1.0,0,-1.0,-1.0,0,-1.0,-1.0,0,-1.0,-1.0,0,-1.0,-1.0,0,-1.0,-1.0,0,-1.0,-1.0,0,-1.0,-1.0,0,-1.0,-1.0,0,-1.0,-1.0,0,-1.0,-1.0,0,-1.0,-1.0,0,-1.0,-1.0,1,5.0,7.0,0,-1.0,-1.0,0,-1.0,-1.0,0,-1.0,-1.0,0,-1.0,-1.0,0,-1.0,-1.0,-1,-1,-1,-1,-1,-1,-1,-1,-1,-1,-1,-1,-1,-1,-1,-1,-1,-1,-1,-1,-1,-1,-1,-1,-1,-1,-1,-1,-1,-1,-1,-1,-1,-1,-1,-1,-1,-1,-1,-1,-1,-1,-1,-1,-1,-1,-1,-1,-1,-1,-1,-1,-1,-1,-1,-1,-1,-1,-1,-1,-1,-1,-1,-1,-1,-1,-1,-1,-1,-1,-1,-1,-1,-1,-1,-1,-1,-1,-1,-1,-1,-1,-1,-1,-1,-1,-1,-1,-1,-1,-1,-1,-1,-1,-1,-1,-1,-1,-1,-1,-1,-1,-1,-1,-1,-1,-1,-1,-1,-1,-1,-1,-1,-1,-1,-1,-1,-1,-1,-1,-1,wait,-1.0,-1.0,0,0,0,1,0,0,0,1,0,1,1
32,17,5,1,1,1,1,1,1,0,-1.0,-1.0,0,-1.0,-1.0,0,-1.0,-1.0,0,-1.0,-1.0,0,-1.0,-1.0,0,-1.0,-1.0,0,-1.0,-1.0,0,-1.0,-1.0,0,-1.0,-1.0,0,-1.0,-1.0,0,-1.0,-1.0,0,-1.0,-1.0,0,-1.0,-1.0,0,-1.0,-1.0,0,-1.0,-1.0,0,-1.0,-1.0,1,5.0,6.0,0,-1.0,-1.0,0,-1.0,-1.0,0,-1.0,-1.0,0,-1.0,-1.0,0,-1.0,-1.0,-1,-1,-1,-1,-1,-1,-1,-1,-1,-1,-1,-1,-1,-1,-1,-1,-1,-1,-1,-1,-1,-1,-1,-1,-1,-1,-1,-1,-1,-1,-1,-1,-1,-1,-1,-1,-1,-1,-1,-1,-1,-1,-1,-1,-1,-1,-1,-1,-1,-1,-1,-1,-1,-1,-1,-1,-1,-1,-1,-1,-1,-1,-1,-1,-1,-1,-1,-1,-1,-1,-1,-1,-1,-1,-1,-1,-1,-1,-1,-1,-1,-1,-1,-1,-1,-1,-1,-1,-1,-1,-1,-1,-1,-1,-1,-1,-1,-1,-1,-1,-1,-1,-1,-1,-1,-1,-1,-1,-1,-1,-1,-1,-1,-1,-1,-1,-1,-1,-1,-1,-1,wait,-1.0,-1.0,0,0,0,1,0,0,0,1,0,1,1
32,18,6,1,1,1,1,1,1,0,-1.0,-1.0,0,-1.0,-1.0,0,-1.0,-1.0,0,-1.0,-1.0,0,-1.0,-1.0,0,-1.0,-1.0,0,-1.0,-1.0,0,-1.0,-1.0,0,-1.0,-1.0,0,-1.0,-1.0,0,-1.0,-1.0,0,-1.0,-1.0,0,-1.0,-1.0,0,-1.0,-1.0,0,-1.0,-1.0,0,-1.0,-1.0,1,6.0,5.0,0,-1.0,-1.0,0,-1.0,-1.0,0,-1.0,-1.0,0,-1.0,-1.0,0,-1.0,-1.0,-1,-1,-1,-1,-1,-1,-1,-1,-1,-1,-1,-1,-1,-1,-1,-1,-1,-1,-1,-1,-1,-1,-1,-1,-1,-1,-1,-1,-1,-1,-1,-1,-1,-1,-1,-1,-1,-1,-1,-1,-1,-1,-1,-1,-1,-1,-1,-1,-1,-1,-1,-1,-1,-1,-1,-1,-1,-1,-1,-1,-1,-1,-1,-1,-1,-1,-1,-1,-1,-1,-1,-1,-1,-1,-1,-1,-1,-1,-1,-1,-1,-1,-1,-1,-1,-1,-1,-1,-1,-1,-1,-1,-1,-1,-1,-1,-1,-1,-1,-1,-1,-1,-1,-1,-1,-1,-1,-1,-1,-1,-1,-1,-1,-1,-1,-1,-1,-1,-1,-1,-1,wait,-1.0,-1.0,0,0,0,1,0,0,0,1,0,1,1
32,19,7,1,1,1,1,1,1,0,-1.0,-1.0,0,-1.0,-1.0,0,-1.0,-1.0,0,-1.0,-1.0,0,-1.0,-1.0,0,-1.0,-1.0,0,-1.0,-1.0,0,-1.0,-1.0,0,-1.0,-1.0,0,-1.0,-1.0,0,-1.0,-1.0,0,-1.0,-1.0,0,-1.0,-1.0,0,-1.0,-1.0,0,-1.0,-1.0,0,-1.0,-1.0,0,-1.0,-1.0,0,-1.0,-1.0,0,-1.0,-1.0,0,-1.0,-1.0,0,-1.0,-1.0,0,-1.0,-1.0,-1,-1,-1,-1,-1,-1,-1,-1,-1,-1,-1,-1,-1,-1,-1,-1,-1,-1,-1,-1,-1,-1,-1,-1,-1,-1,-1,-1,-1,-1,-1,-1,-1,-1,-1,-1,-1,-1,-1,-1,-1,-1,-1,-1,-1,-1,-1,-1,-1,-1,-1,-1,-1,-1,-1,-1,-1,-1,-1,-1,-1,-1,-1,-1,-1,-1,-1,-1,-1,-1,-1,-1,-1,-1,-1,-1,-1,-1,-1,-1,-1,-1,-1,-1,-1,-1,-1,-1,-1,-1,-1,-1,-1,-1,-1,-1,-1,-1,-1,-1,-1,-1,-1,-1,-1,-1,-1,-1,-1,-1,-1,-1,-1,-1,-1,-1,-1,-1,-1,-1,-1,spear goblins,4.0,10.0,0,0,0,1,0,0,0,1,0,1,1
32,20,5,1,1,1,1,1,1,0,-1.0,-1.0,0,-1.0,-1.0,0,-1.0,-1.0,0,-1.0,-1.0,0,-1.0,-1.0,0,-1.0,-1.0,0,-1.0,-1.0,0,-1.0,-1.0,0,-1.0,-1.0,0,-1.0,-1.0,0,-1.0,-1.0,0,-1.0,-1.0,0,-1.0,-1.0,0,-1.0,-1.0,0,-1.0,-1.0,1,6.0,6.0,0,-1.0,-1.0,0,-1.0,-1.0,0,-1.0,-1.0,0,-1.0,-1.0,0,-1.0,-1.0,0,-1.0,-1.0,-1,-1,-1,-1,-1,-1,-1,-1,-1,-1,-1,-1,-1,-1,-1,-1,-1,-1,-1,-1,-1,-1,-1,-1,-1,-1,-1,-1,-1,-1,-1,-1,-1,-1,-1,-1,-1,-1,-1,-1,-1,-1,-1,-1,-1,-1,-1,-1,-1,-1,-1,-1,-1,-1,-1,-1,-1,-1,-1,-1,-1,-1,-1,-1,-1,-1,-1,-1,-1,-1,-1,-1,-1,-1,-1,-1,-1,-1,-1,-1,-1,-1,-1,-1,-1,-1,-1,-1,-1,-1,-1,-1,-1,-1,-1,-1,-1,-1,-1,-1,-1,-1,-1,-1,-1,-1,-1,-1,-1,-1,-1,-1,-1,-1,-1,-1,-1,-1,-1,-1,-1,knight,5.0,8.0,1,0,0,1,0,0,0,1,0,1,0
32,21,7,1,1,1,1,1,1,0,-1.0,-1.0,1,6.0,6.0,0,-1.0,-1.0,0,-1.0,-1.0,0,-1.0,-1.0,0,-1.0,-1.0,0,-1.0,-1.0,0,-1.0,-1.0,0,-1.0,-1.0,0,-1.0,-1.0,0,-1.0,-1.0,0,-1.0,-1.0,0,-1.0,-1.0,0,-1.0,-1.0,0,-1.0,-1.0,0,-1.0,-1.0,0,-1.0,-1.0,0,-1.0,-1.0,0,-1.0,-1.0,0,-1.0,-1.0,1,5.0,9.0,0,-1.0,-1.0,-1,-1,-1,-1,-1,-1,-1,-1,-1,-1,-1,-1,-1,-1,-1,-1,-1,-1,-1,-1,-1,-1,-1,-1,-1,-1,-1,-1,-1,-1,-1,-1,-1,-1,-1,-1,-1,-1,-1,-1,-1,-1,-1,-1,-1,-1,-1,-1,-1,-1,-1,-1,-1,-1,-1,-1,-1,-1,-1,-1,-1,-1,-1,-1,-1,-1,-1,-1,-1,-1,-1,-1,-1,-1,-1,-1,-1,-1,-1,-1,-1,-1,-1,-1,-1,-1,-1,-1,-1,-1,-1,-1,-1,-1,-1,-1,-1,-1,-1,-1,-1,-1,-1,-1,-1,-1,-1,-1,-1,-1,159,-1,-1,-1,-1,-1,-1,-1,-1,-1,-1,goblin cage,4.0,8.0,1,0,0,1,0,0,0,1,0,1,0
32,22,5,1,1,1,1,1,1,0,-1.0,-1.0,1,7.0,7.0,0,-1.0,-1.0,1,6.0,8.0,0,-1.0,-1.0,0,-1.0,-1.0,0,-1.0,-1.0,0,-1.0,-1.0,0,-1.0,-1.0,0,-1.0,-1.0,0,-1.0,-1.0,0,-1.0,-1.0,0,-1.0,-1.0,0,-1.0,-1.0,0,-1.0,-1.0,0,-1.0,-1.0,0,-1.0,-1.0,0,-1.0,-1.0,0,-1.0,-1.0,0,-1.0,-1.0,1,5.0,9.0,0,-1.0,-1.0,-1,-1,-1,-1,-1,-1,-1,-1,-1,-1,-1,-1,-1,-1,-1,-1,-1,-1,-1,-1,-1,-1,-1,-1,-1,-1,-1,-1,-1,-1,-1,-1,-1,-1,-1,-1,-1,-1,-1,-1,-1,-1,-1,-1,-1,-1,-1,-1,-1,-1,-1,-1,-1,-1,-1,-1,-1,-1,-1,-1,-1,-1,-1,-1,-1,-1,-1,-1,-1,-1,-1,-1,-1,-1,-1,-1,-1,-1,-1,-1,-1,-1,-1,-1,-1,-1,-1,-1,-1,-1,-1,-1,-1,-1,-1,-1,-1,-1,-1,-1,-1,-1,-1,-1,-1,-1,-1,-1,-1,-1,150,94,-1,-1,-1,-1,-1,-1,-1,-1,-1,wait,-1.0,-1.0,1,0,1,0,0,0,0,0,1,1,0
32,23,2,1,1,1,1,1,1,0,-1.0,-1.0,1,6.0,7.0,0,-1.0,-1.0,0,-1.0,-1.0,0,-1.0,-1.0,0,-1.0,-1.0,1,5.0,8.0,0,-1.0,-1.0,0,-1.0,-1.0,0,-1.0,-1.0,0,-1.0,-1.0,0,-1.0,-1.0,0,-1.0,-1.0,0,-1.0,-1.0,0,-1.0,-1.0,0,-1.0,-1.0,0,-1.0,-1.0,0,-1.0,-1.0,0,-1.0,-1.0,0,-1.0,-1.0,1,5.0,9.0,0,-1.0,-1.0,-1,-1,-1,-1,-1,-1,-1,-1,-1,-1,-1,-1,-1,-1,-1,-1,-1,-1,-1,-1,-1,-1,-1,-1,-1,-1,-1,-1,-1,-1,-1,-1,-1,96,-1,-1,-1,-1,-1,-1,-1,-1,-1,-1,-1,-1,-1,-1,-1,-1,-1,-1,-1,-1,-1,-1,-1,-1,-1,-1,-1,-1,-1,-1,-1,-1,-1,-1,-1,-1,-1,-1,-1,-1,-1,-1,-1,-1,-1,-1,-1,-1,-1,-1,-1,-1,-1,-1,-1,-1,-1,-1,-1,-1,-1,-1,-1,-1,-1,-1,-1,-1,-1,-1,-1,-1,-1,-1,-1,-1,146,-1,-1,-1,-1,-1,-1,-1,-1,-1,-1,wait,-1.0,-1.0,0,0,0,0,0,0,0,0,0,0,0
32,24,4,1,1,1,1,1,1,0,-1.0,-1.0,1,7.0,7.0,0,-1.0,-1.0,0,-1.0,-1.0,0,-1.0,-1.0,0,-1.0,-1.0,0,-1.0,-1.0,0,-1.0,-1.0,0,-1.0,-1.0,0,-1.0,-1.0,0,-1.0,-1.0,0,-1.0,-1.0,0,-1.0,-1.0,0,-1.0,-1.0,0,-1.0,-1.0,0,-1.0,-1.0,0,-1.0,-1.0,0,-1.0,-1.0,0,-1.0,-1.0,0,-1.0,-1.0,1,5.0,9.0,0,-1.0,-1.0,-1,-1,-1,-1,-1,-1,-1,-1,-1,-1,-1,-1,-1,-1,-1,-1,-1,-1,-1,-1,-1,-1,-1,-1,-1,-1,-1,-1,-1,-1,-1,-1,-1,-1,-1,-1,-1,-1,-1,-1,-1,-1,-1,-1,-1,-1,-1,-1,-1,-1,-1,-1,-1,-1,-1,-1,-1,-1,-1,-1,-1,-1,-1,-1,-1,-1,-1,-1,-1,-1,-1,-1,-1,-1,-1,-1,-1,-1,-1,-1,-1,-1,-1,-1,-1,-1,-1,-1,-1,-1,-1,-1,-1,-1,-1,-1,-1,-1,-1,-1,-1,-1,-1,-1,-1,-1,-1,-1,-1,-1,133,-1,-1,-1,-1,-1,-1,-1,-1,-1,-1,wait,-1.0,-1.0,1,0,1,0,0,0,0,0,1,1,0
32,25,6,1,1,1,1,1,1,0,-1.0,-1.0,1,6.0,6.0,0,-1.0,-1.0,0,-1.0,-1.0,0,-1.0,-1.0,0,-1.0,-1.0,1,4.0,4.0,0,-1.0,-1.0,0,-1.0,-1.0,0,-1.0,-1.0,0,-1.0,-1.0,0,-1.0,-1.0,0,-1.0,-1.0,0,-1.0,-1.0,0,-1.0,-1.0,0,-1.0,-1.0,0,-1.0,-1.0,0,-1.0,-1.0,0,-1.0,-1.0,0,-1.0,-1.0,1,6.0,8.0,0,-1.0,-1.0,-1,-1,-1,-1,-1,-1,-1,-1,-1,-1,-1,-1,-1,-1,-1,-1,-1,-1,-1,-1,-1,-1,-1,-1,-1,-1,-1,-1,-1,-1,-1,-1,-1,150,-1,-1,-1,-1,-1,-1,-1,-1,-1,-1,-1,-1,-1,-1,-1,-1,-1,-1,-1,-1,-1,-1,-1,-1,-1,-1,-1,-1,-1,-1,-1,-1,-1,-1,-1,-1,-1,-1,-1,-1,-1,-1,-1,-1,-1,-1,-1,-1,-1,-1,-1,-1,-1,-1,-1,-1,-1,-1,-1,-1,-1,-1,-1,-1,-1,-1,-1,-1,-1,-1,-1,-1,-1,-1,-1,-1,70,-1,-1,-1,-1,-1,-1,-1,-1,-1,-1,wait,-1.0,-1.0,1,0,1,0,0,0,0,0,1,0,0
32,26,3,1,1,1,1,1,1,0,-1.0,-1.0,0,-1.0,-1.0,0,-1.0,-1.0,0,-1.0,-1.0,0,-1.0,-1.0,0,-1.0,-1.0,0,-1.0,-1.0,0,-1.0,-1.0,0,-1.0,-1.0,0,-1.0,-1.0,0,-1.0,-1.0,0,-1.0,-1.0,0,-1.0,-1.0,0,-1.0,-1.0,0,-1.0,-1.0,0,-1.0,-1.0,0,-1.0,-1.0,0,-1.0,-1.0,1,5.0,10.0,1,5.0,6.0,1,6.0,7.0,0,-1.0,-1.0,-1,-1,-1,-1,-1,-1,-1,-1,-1,-1,-1,-1,-1,-1,-1,-1,-1,-1,-1,-1,-1,-1,-1,-1,-1,-1,-1,-1,-1,-1,-1,-1,-1,-1,-1,-1,-1,-1,-1,-1,-1,-1,-1,-1,-1,-1,-1,-1,-1,-1,-1,-1,-1,-1,-1,-1,-1,-1,-1,-1,-1,-1,-1,-1,-1,-1,-1,-1,-1,-1,-1,-1,-1,-1,-1,-1,-1,-1,-1,-1,-1,-1,-1,-1,-1,-1,-1,-1,-1,-1,-1,-1,-1,-1,-1,-1,-1,-1,-1,-1,-1,-1,-1,-1,-1,-1,-1,-1,234,-1,-1,-1,-1,-1,-1,-1,-1,-1,-1,84,-1,wait,-1.0,-1.0,1,0,1,0,0,0,0,0,0,0,0
32,27,4,1,1,1,1,1,1,0,-1.0,-1.0,0,-1.0,-1.0,0,-1.0,-1.0,0,-1.0,-1.0,0,-1.0,-1.0,0,-1.0,-1.0,0,-1.0,-1.0,0,-1.0,-1.0,0,-1.0,-1.0,0,-1.0,-1.0,0,-1.0,-1.0,0,-1.0,-1.0,0,-1.0,-1.0,0,-1.0,-1.0,0,-1.0,-1.0,0,-1.0,-1.0,0,-1.0,-1.0,0,-1.0,-1.0,1,6.0,9.0,1,5.0,5.0,1,6.0,6.0,0,-1.0,-1.0,-1,-1,-1,-1,-1,-1,-1,-1,-1,-1,-1,-1,-1,-1,-1,-1,-1,-1,-1,-1,-1,-1,-1,-1,-1,-1,-1,-1,-1,-1,-1,-1,-1,-1,-1,-1,-1,-1,-1,-1,-1,-1,-1,-1,-1,-1,-1,-1,-1,-1,-1,-1,-1,-1,-1,-1,-1,-1,-1,-1,-1,-1,-1,-1,-1,-1,-1,-1,-1,-1,-1,-1,-1,-1,-1,-1,-1,-1,-1,-1,-1,-1,-1,-1,-1,-1,-1,-1,-1,-1,-1,-1,-1,-1,-1,-1,-1,-1,-1,-1,-1,-1,-1,-1,-1,-1,-1,-1,200,-1,-1,-1,-1,-1,-1,-1,-1,-1,-1,93,-1,minions,4.0,7.0,1,0,1,0,0,0,0,0,1,0,0
32,28,2,1,1,1,1,1,1,0,-1.0,-1.0,0,-1.0,-1.0,0,-1.0,-1.0,0,-1.0,-1.0,0,-1.0,-1.0,0,-1.0,-1.0,0,-1.0,-1.0,0,-1.0,-1.0,0,-1.0,-1.0,0,-1.0,-1.0,0,-1.0,-1.0,0,-1.0,-1.0,0,-1.0,-1.0,0,-1.0,-1.0,1,6.0,8.0,0,-1.0,-1.0,0,-1.0,-1.0,0,-1.0,-1.0,0,-1.0,-1.0,0,-1.0,-1.0,0,-1.0,-1.0,0,-1.0,-1.0,-1,-1,-1,-1,-1,-1,-1,-1,-1,-1,-1,-1,-1,-1,-1,-1,-1,-1,-1,-1,-1,-1,-1,-1,-1,-1,-1,-1,-1,-1,-1,-1,-1,-1,-1,-1,-1,-1,-1,-1,-1,-1,-1,-1,-1,-1,-1,-1,-1,-1,-1,-1,-1,-1,-1,-1,-1,-1,-1,-1,-1,-1,-1,-1,-1,-1,-1,-1,-1,-1,-1,-1,-1,-1,-1,-1,-1,-1,-1,-1,-1,-1,-1,-1,-1,-1,-1,-1,-1,-1,-1,-1,-1,-1,-1,-1,-1,-1,-1,-1,-1,-1,-1,-1,-1,-1,-1,-1,-1,-1,-1,-1,-1,-1,-1,-1,-1,-1,-1,-1,-1,wait,-1.0,-1.0,0,0,0,0,0,0,0,0,0,0,1
32,29,3,1,1,1,1,1,1,0,-1.0,-1.0,0,-1.0,-1.0,0,-1.0,-1.0,0,-1.0,-1.0,0,-1.0,-1.0,0,-1.0,-1.0,0,-1.0,-1.0,0,-1.0,-1.0,0,-1.0,-1.0,0,-1.0,-1.0,0,-1.0,-1.0,0,-1.0,-1.0,0,-1.0,-1.0,0,-1.0,-1.0,0,-1.0,-1.0,0,-1.0,-1.0,0,-1.0,-1.0,0,-1.0,-1.0,1,6.0,8.0,1,5.0,2.0,0,-1.0,-1.0,0,-1.0,-1.0,-1,-1,-1,-1,-1,-1,-1,-1,-1,-1,-1,-1,-1,-1,-1,-1,-1,-1,-1,-1,-1,-1,-1,-1,-1,-1,-1,-1,-1,-1,-1,-1,-1,-1,-1,-1,-1,-1,-1,-1,-1,-1,-1,-1,-1,-1,-1,-1,-1,-1,-1,-1,-1,-1,-1,-1,-1,-1,-1,-1,-1,-1,-1,-1,-1,-1,-1,-1,-1,-1,-1,-1,-1,-1,-1,-1,-1,-1,-1,-1,-1,-1,-1,-1,-1,-1,-1,-1,-1,-1,-1,-1,-1,-1,-1,-1,-1,-1,-1,-1,-1,-1,-1,-1,-1,-1,-1,-1,308,-1,-1,-1,-1,-1,-1,-1,-1,-1,-1,-1,-1,wait,-1.0,-1.0,1,0,0,0,0,0,0,0,0,0,1
32,30,4,1,1,1,1,1,1,0,-1.0,-1.0,0,-1.0,-1.0,0,-1.0,-1.0,0,-1.0,-1.0,0,-1.0,-1.0,0,-1.0,-1.0,0,-1.0,-1.0,0,-1.0,-1.0,0,-1.0,-1.0,0,-1.0,-1.0,0,-1.0,-1.0,0,-1.0,-1.0,0,-1.0,-1.0,0,-1.0,-1.0,0,-1.0,-1.0,1,6.0,6.0,0,-1.0,-1.0,0,-1.0,-1.0,0,-1.0,-1.0,0,-1.0,-1.0,0,-1.0,-1.0,0,-1.0,-1.0,-1,-1,-1,-1,-1,-1,-1,-1,-1,-1,-1,-1,-1,-1,-1,-1,-1,-1,-1,-1,-1,-1,-1,-1,-1,-1,-1,-1,-1,-1,-1,-1,-1,-1,-1,-1,-1,-1,-1,-1,-1,-1,-1,-1,-1,-1,-1,-1,-1,-1,-1,-1,-1,-1,-1,-1,-1,-1,-1,-1,-1,-1,-1,-1,-1,-1,-1,-1,-1,-1,-1,-1,-1,-1,-1,-1,-1,-1,-1,-1,-1,-1,-1,-1,-1,-1,-1,-1,-1,-1,-1,-1,-1,-1,-1,-1,-1,-1,-1,-1,-1,-1,-1,-1,-1,-1,-1,-1,-1,-1,-1,-1,-1,-1,-1,-1,-1,-1,-1,-1,-1,wait,-1.0,-1.0,1,0,0,0,0,0,0,1,1,0,1
32,31,2,1,1,1,1,1,1,0,-1.0,-1.0,0,-1.0,-1.0,0,-1.0,-1.0,0,-1.0,-1.0,0,-1.0,-1.0,0,-1.0,-1.0,0,-1.0,-1.0,0,-1.0,-1.0,0,-1.0,-1.0,0,-1.0,-1.0,0,-1.0,-1.0,0,-1.0,-1.0,0,-1.0,-1.0,0,-1.0,-1.0,0,-1.0,-1.0,0,-1.0,-1.0,0,-1.0,-1.0,1,6.0,6.0,0,-1.0,-1.0,0,-1.0,-1.0,0,-1.0,-1.0,0,-1.0,-1.0,-1,-1,-1,-1,-1,-1,-1,-1,-1,-1,-1,-1,-1,-1,-1,-1,-1,-1,-1,-1,-1,-1,-1,-1,-1,-1,-1,-1,-1,-1,-1,-1,-1,-1,-1,-1,-1,-1,-1,-1,-1,-1,-1,-1,-1,-1,-1,-1,-1,-1,-1,-1,-1,-1,-1,-1,-1,-1,-1,-1,-1,-1,-1,-1,-1,-1,-1,-1,-1,-1,-1,-1,-1,-1,-1,-1,-1,-1,-1,-1,-1,-1,-1,-1,-1,-1,-1,-1,-1,-1,-1,-1,-1,-1,-1,-1,-1,-1,-1,-1,-1,-1,-1,-1,-1,-1,-1,-1,-1,-1,-1,-1,-1,-1,-1,-1,-1,-1,-1,-1,-1,wait,-1.0,-1.0,0,0,0,0,0,0,0,0,0,0,1
32,32,3,1,1,1,1,1,1,0,-1.0,-1.0,0,-1.0,-1.0,0,-1.0,-1.0,0,-1.0,-1.0,0,-1.0,-1.0,0,-1.0,-1.0,0,-1.0,-1.0,0,-1.0,-1.0,0,-1.0,-1.0,0,-1.0,-1.0,0,-1.0,-1.0,0,-1.0,-1.0,0,-1.0,-1.0,0,-1.0,-1.0,0,-1.0,-1.0,0,-1.0,-1.0,0,-1.0,-1.0,0,-1.0,-1.0,0,-1.0,-1.0,0,-1.0,-1.0,0,-1.0,-1.0,0,-1.0,-1.0,-1,-1,-1,-1,-1,-1,-1,-1,-1,-1,-1,-1,-1,-1,-1,-1,-1,-1,-1,-1,-1,-1,-1,-1,-1,-1,-1,-1,-1,-1,-1,-1,-1,-1,-1,-1,-1,-1,-1,-1,-1,-1,-1,-1,-1,-1,-1,-1,-1,-1,-1,-1,-1,-1,-1,-1,-1,-1,-1,-1,-1,-1,-1,-1,-1,-1,-1,-1,-1,-1,-1,-1,-1,-1,-1,-1,-1,-1,-1,-1,-1,-1,-1,-1,-1,-1,-1,-1,-1,-1,-1,-1,-1,-1,-1,-1,-1,-1,-1,-1,-1,-1,-1,-1,-1,-1,-1,-1,-1,-1,-1,-1,-1,-1,-1,-1,-1,-1,-1,-1,-1,mini pekka,5.0,9.0,1,0,0,0,0,0,0,1,0,0,1
32,33,0,1,1,1,1,1,1,0,-1.0,-1.0,1,6.0,6.0,0,-1.0,-1.0,0,-1.0,-1.0,0,-1.0,-1.0,0,-1.0,-1.0,0,-1.0,-1.0,0,-1.0,-1.0,0,-1.0,-1.0,0,-1.0,-1.0,0,-1.0,-1.0,0,-1.0,-1.0,0,-1.0,-1.0,0,-1.0,-1.0,0,-1.0,-1.0,0,-1.0,-1.0,0,-1.0,-1.0,1,6.0,8.0,0,-1.0,-1.0,0,-1.0,-1.0,0,-1.0,-1.0,0,-1.0,-1.0,-1,-1,-1,-1,-1,-1,-1,-1,-1,-1,-1,-1,-1,-1,-1,-1,-1,-1,-1,-1,-1,-1,-1,-1,-1,-1,-1,-1,-1,-1,-1,-1,-1,-1,-1,-1,-1,-1,-1,-1,-1,-1,-1,-1,-1,-1,-1,-1,-1,-1,-1,-1,-1,-1,-1,-1,-1,-1,-1,-1,-1,-1,-1,-1,-1,-1,-1,-1,-1,-1,-1,-1,-1,-1,-1,-1,-1,-1,-1,-1,-1,-1,-1,-1,-1,-1,-1,-1,-1,-1,-1,-1,-1,-1,-1,-1,-1,-1,-1,-1,-1,-1,-1,-1,-1,-1,-1,-1,-1,-1,-1,-1,-1,-1,-1,-1,-1,-1,-1,-1,-1,wait,-1.0,-1.0,0,0,0,0,0,0,0,0,0,0,0
32,34,2,1,1,1,1,1,1,0,-1.0,-1.0,1,6.0,6.0,0,-1.0,-1.0,0,-1.0,-1.0,0,-1.0,-1.0,0,-1.0,-1.0,0,-1.0,-1.0,0,-1.0,-1.0,0,-1.0,-1.0,0,-1.0,-1.0,0,-1.0,-1.0,0,-1.0,-1.0,0,-1.0,-1.0,0,-1.0,-1.0,0,-1.0,-1.0,0,-1.0,-1.0,1,5.0,8.0,1,6.0,8.0,0,-1.0,-1.0,0,-1.0,-1.0,0,-1.0,-1.0,0,-1.0,-1.0,-1,-1,-1,-1,-1,-1,-1,-1,-1,-1,-1,-1,-1,-1,-1,-1,-1,-1,-1,-1,-1,-1,-1,-1,-1,-1,-1,-1,-1,-1,-1,-1,-1,-1,-1,-1,-1,-1,-1,-1,-1,-1,-1,-1,-1,-1,-1,-1,-1,-1,-1,-1,-1,-1,-1,-1,-1,-1,-1,-1,-1,-1,-1,-1,-1,-1,-1,-1,-1,-1,-1,-1,-1,-1,-1,-1,-1,-1,-1,-1,-1,-1,-1,-1,-1,-1,-1,-1,123,-1,-1,-1,-1,-1,-1,-1,47,-1,-1,-1,-1,-1,-1,-1,-1,-1,-1,-1,-1,-1,-1,-1,-1,-1,-1,-1,-1,-1,-1,-1,-1,spear goblins,5.0,10.0,0,0,0,0,0,0,0,0,0,0,1
32,35,4,1,1,1,1,1,1,0,-1.0,-1.0,1,7.0,7.0,0,-1.0,-1.0,0,-1.0,-1.0,0,-1.0,-1.0,0,-1.0,-1.0,0,-1.0,-1.0,0,-1.0,-1.0,0,-1.0,-1.0,0,-1.0,-1.0,0,-1.0,-1.0,0,-1.0,-1.0,0,-1.0,-1.0,0,-1.0,-1.0,0,-1.0,-1.0,0,-1.0,-1.0,0,-1.0,-1.0,0,-1.0,-1.0,0,-1.0,-1.0,0,-1.0,-1.0,0,-1.0,-1.0,0,-1.0,-1.0,-1,-1,-1,-1,-1,-1,-1,-1,-1,-1,-1,-1,-1,-1,-1,-1,-1,-1,-1,-1,-1,-1,-1,-1,-1,-1,-1,-1,-1,-1,-1,-1,-1,-1,-1,-1,-1,-1,-1,-1,-1,-1,-1,-1,-1,-1,-1,-1,-1,-1,-1,-1,-1,-1,-1,-1,-1,-1,-1,-1,-1,-1,-1,-1,-1,-1,-1,-1,-1,-1,-1,-1,-1,-1,-1,-1,-1,-1,-1,-1,-1,-1,-1,-1,-1,-1,-1,-1,-1,-1,-1,-1,-1,-1,-1,-1,-1,-1,-1,-1,-1,-1,-1,-1,-1,-1,-1,-1,-1,-1,-1,-1,-1,-1,-1,-1,-1,-1,-1,-1,-1,wait,-1.0,-1.0,1,0,0,1,0,0,0,1,0,0,1
32,36,4,1,1,1,1,1,1,0,-1.0,-1.0,1,6.0,8.0,0,-1.0,-1.0,0,-1.0,-1.0,0,-1.0,-1.0,0,-1.0,-1.0,0,-1.0,-1.0,0,-1.0,-1.0,0,-1.0,-1.0,0,-1.0,-1.0,0,-1.0,-1.0,0,-1.0,-1.0,0,-1.0,-1.0,0,-1.0,-1.0,0,-1.0,-1.0,0,-1.0,-1.0,0,-1.0,-1.0,0,-1.0,-1.0,0,-1.0,-1.0,0,-1.0,-1.0,1,5.0,9.0,0,-1.0,-1.0,-1,-1,-1,-1,-1,-1,-1,-1,-1,-1,-1,-1,-1,-1,-1,-1,-1,-1,-1,-1,-1,-1,-1,-1,-1,-1,-1,-1,-1,-1,-1,-1,-1,-1,-1,-1,-1,-1,-1,-1,-1,-1,-1,-1,-1,-1,-1,-1,-1,-1,-1,-1,-1,-1,-1,-1,-1,-1,-1,-1,-1,-1,-1,-1,-1,-1,-1,-1,-1,-1,-1,-1,-1,-1,-1,-1,-1,-1,-1,-1,-1,-1,-1,-1,-1,-1,-1,-1,-1,-1,-1,-1,-1,-1,-1,-1,-1,-1,-1,-1,-1,-1,-1,-1,-1,-1,-1,-1,-1,-1,108,-1,-1,-1,-1,-1,-1,-1,-1,-1,-1,wait,-1.0,-1.0,1,0,0,1,0,0,0,1,0,1,0
32,37,6,1,1,1,1,1,1,0,-1.0,-1.0,0,-1.0,-1.0,0,-1.0,-1.0,0,-1.0,-1.0,0,-1.0,-1.0,0,-1.0,-1.0,0,-1.0,-1.0,0,-1.0,-1.0,0,-1.0,-1.0,0,-1.0,-1.0,0,-1.0,-1.0,0,-1.0,-1.0,0,-1.0,-1.0,0,-1.0,-1.0,0,-1.0,-1.0,0,-1.0,-1.0,0,-1.0,-1.0,0,-1.0,-1.0,0,-1.0,-1.0,0,-1.0,-1.0,1,6.0,8.0,0,-1.0,-1.0,-1,-1,-1,-1,-1,-1,-1,-1,-1,-1,-1,-1,-1,-1,-1,-1,-1,-1,-1,-1,-1,-1,-1,-1,-1,-1,-1,-1,-1,-1,-1,-1,-1,-1,-1,-1,-1,-1,-1,-1,-1,-1,-1,-1,-1,-1,-1,-1,-1,-1,-1,-1,-1,-1,-1,-1,-1,-1,-1,-1,-1,-1,-1,-1,-1,-1,-1,-1,-1,-1,-1,-1,-1,-1,-1,-1,-1,-1,-1,-1,-1,-1,-1,-1,-1,-1,-1,-1,-1,-1,-1,-1,-1,-1,-1,-1,-1,-1,-1,-1,-1,-1,-1,-1,-1,-1,-1,-1,-1,-1,-1,-1,-1,-1,-1,-1,-1,-1,-1,-1,-1,wait,-1.0,-1.0,1,0,0,1,0,0,0,1,0,1,0
32,38,8,1,1,1,1,1,1,0,-1.0,-1.0,0,-1.0,-1.0,0,-1.0,-1.0,0,-1.0,-1.0,0,-1.0,-1.0,0,-1.0,-1.0,1,4.0,4.0,0,-1.0,-1.0,0,-1.0,-1.0,0,-1.0,-1.0,0,-1.0,-1.0,0,-1.0,-1.0,0,-1.0,-1.0,0,-1.0,-1.0,0,-1.0,-1.0,0,-1.0,-1.0,0,-1.0,-1.0,0,-1.0,-1.0,0,-1.0,-1.0,1,5.0,5.0,1,6.0,7.0,0,-1.0,-1.0,-1,-1,-1,-1,-1,-1,-1,-1,-1,-1,-1,-1,-1,-1,-1,-1,-1,-1,-1,-1,-1,-1,-1,-1,-1,-1,-1,-1,-1,-1,-1,-1,-1,-1,-1,-1,-1,-1,-1,-1,-1,-1,73,-1,-1,-1,-1,-1,-1,-1,-1,-1,-1,-1,-1,-1,-1,-1,-1,-1,-1,-1,-1,-1,-1,-1,-1,-1,-1,-1,-1,-1,-1,-1,-1,-1,-1,-1,-1,-1,-1,-1,-1,-1,-1,-1,-1,-1,-1,-1,-1,-1,-1,-1,-1,-1,-1,-1,-1,-1,-1,-1,-1,-1,-1,-1,-1,-1,-1,-1,-1,-1,-1,-1,-1,-1,-1,-1,-1,108,-1,archers,5.0,12.0,1,0,0,1,0,0,0,1,0,1,0
32,39,7,1,1,1,1,1,1,1,6.0,12.0,0,-1.0,-1.0,0,-1.0,-1.0,0,-1.0,-1.0,0,-1.0,-1.0,0,-1.0,-1.0,0,-1.0,-1.0,0,-1.0,-1.0,0,-1.0,-1.0,0,-1.0,-1.0,0,-1.0,-1.0,0,-1.0,-1.0,0,-1.0,-1.0,0,-1.0,-1.0,0,-1.0,-1.0,0,-1.0,-1.0,0,-1.0,-1.0,0,-1.0,-1.0,0,-1.0,-1.0,0,-1.0,-1.0,1,6.0,6.0,0,-1.0,-1.0,-1,-1,-1,-1,-1,-1,-1,-1,-1,-1,-1,-1,-1,-1,-1,-1,-1,-1,-1,-1,-1,-1,-1,-1,-1,-1,-1,-1,-1,-1,-1,-1,-1,-1,-1,-1,-1,-1,-1,-1,-1,-1,-1,-1,-1,-1,-1,-1,-1,-1,-1,-1,-1,-1,-1,-1,-1,-1,-1,-1,-1,-1,-1,-1,-1,-1,-1,-1,-1,-1,-1,-1,-1,-1,-1,-1,-1,-1,-1,-1,-1,-1,-1,-1,-1,-1,-1,-1,-1,-1,-1,-1,-1,-1,-1,-1,-1,-1,-1,-1,-1,-1,-1,-1,-1,-1,-1,-1,-1,-1,-1,-1,-1,-1,-1,-1,-1,-1,-1,-1,-1,wait,-1.0,-1.0,0,0,1,1,0,0,0,1,0,1,0
32,40,9,1,1,1,1,1,1,1,6.0,11.0,0,-1.0,-1.0,0,-1.0,-1.0,0,-1.0,-1.0,0,-1.0,-1.0,0,-1.0,-1.0,1,4.0,4.0,0,-1.0,-1.0,0,-1.0,-1.0,0,-1.0,-1.0,0,-1.0,-1.0,0,-1.0,-1.0,0,-1.0,-1.0,0,-1.0,-1.0,0,-1.0,-1.0,0,-1.0,-1.0,0,-1.0,-1.0,0,-1.0,-1.0,0,-1.0,-1.0,0,-1.0,-1.0,0,-1.0,-1.0,0,-1.0,-1.0,-1,-1,-1,-1,-1,-1,-1,-1,-1,-1,-1,-1,-1,-1,-1,-1,-1,-1,-1,-1,-1,-1,-1,-1,-1,-1,-1,-1,-1,-1,-1,-1,-1,-1,-1,-1,-1,-1,-1,-1,-1,-1,-1,-1,-1,-1,-1,-1,-1,-1,-1,-1,-1,-1,-1,-1,-1,-1,-1,-1,-1,-1,-1,-1,-1,-1,-1,-1,-1,-1,-1,-1,-1,-1,-1,-1,-1,-1,-1,-1,-1,-1,-1,-1,-1,-1,-1,-1,-1,-1,-1,-1,-1,-1,-1,-1,-1,-1,-1,-1,-1,-1,-1,-1,-1,-1,-1,-1,-1,-1,-1,-1,-1,-1,-1,-1,-1,-1,-1,-1,-1,wait,-1.0,-1.0,0,0,1,1,0,0,0,1,0,1,0
32,41,6,1,1,1,1,1,1,0,-1.0,-1.0,0,-1.0,-1.0,0,-1.0,-1.0,0,-1.0,-1.0,0,-1.0,-1.0,0,-1.0,-1.0,0,-1.0,-1.0,0,-1.0,-1.0,0,-1.0,-1.0,0,-1.0,-1.0,0,-1.0,-1.0,0,-1.0,-1.0,0,-1.0,-1.0,0,-1.0,-1.0,0,-1.0,-1.0,0,-1.0,-1.0,0,-1.0,-1.0,0,-1.0,-1.0,1,5.0,10.0,0,-1.0,-1.0,0,-1.0,-1.0,0,-1.0,-1.0,-1,-1,-1,-1,-1,-1,-1,-1,-1,-1,-1,-1,-1,-1,-1,-1,-1,-1,-1,-1,-1,-1,-1,-1,-1,-1,-1,-1,-1,-1,-1,-1,-1,-1,-1,-1,-1,-1,-1,-1,-1,-1,-1,-1,-1,-1,-1,-1,-1,-1,-1,-1,-1,-1,-1,-1,-1,-1,-1,-1,-1,-1,-1,-1,-1,-1,-1,-1,-1,-1,-1,-1,-1,-1,-1,-1,-1,-1,-1,-1,-1,-1,-1,-1,-1,-1,-1,-1,-1,-1,-1,-1,-1,-1,-1,-1,-1,-1,-1,-1,-1,-1,-1,-1,-1,-1,-1,-1,-1,-1,-1,-1,-1,-1,-1,-1,-1,-1,-1,-1,-1,wait,-1.0,-1.0,0,0,1,1,0,0,0,1,0,0,0
32,42,8,1,1,1,1,1,1,0,-1.0,-1.0,0,-1.0,-1.0,0,-1.0,-1.0,0,-1.0,-1.0,0,-1.0,-1.0,0,-1.0,-1.0,0,-1.0,-1.0,0,-1.0,-1.0,0,-1.0,-1.0,0,-1.0,-1.0,0,-1.0,-1.0,0,-1.0,-1.0,0,-1.0,-1.0,0,-1.0,-1.0,0,-1.0,-1.0,0,-1.0,-1.0,0,-1.0,-1.0,0,-1.0,-1.0,1,6.0,10.0,0,-1.0,-1.0,0,-1.0,-1.0,0,-1.0,-1.0,-1,-1,-1,-1,-1,-1,-1,-1,-1,-1,-1,-1,-1,-1,-1,-1,-1,-1,-1,-1,-1,-1,-1,-1,-1,-1,-1,-1,-1,-1,-1,-1,-1,-1,-1,-1,-1,-1,-1,-1,-1,-1,-1,-1,-1,-1,-1,-1,-1,-1,-1,-1,-1,-1,-1,-1,-1,-1,-1,-1,-1,-1,-1,-1,-1,-1,-1,-1,-1,-1,-1,-1,-1,-1,-1,-1,-1,-1,-1,-1,-1,-1,-1,-1,-1,-1,-1,-1,-1,-1,-1,-1,-1,-1,-1,-1,-1,-1,-1,-1,-1,-1,-1,-1,-1,-1,-1,-1,-1,-1,-1,-1,-1,-1,-1,-1,-1,-1,-1,-1,-1,minions,5.0,9.0,0,0,1,1,0,0,0,1,0,0,0
32,43,7,1,1,1,1,1,1,0,-1.0,-1.0,0,-1.0,-1.0,0,-1.0,-1.0,0,-1.0,-1.0,0,-1.0,-1.0,0,-1.0,-1.0,0,-1.0,-1.0,0,-1.0,-1.0,0,-1.0,-1.0,0,-1.0,-1.0,0,-1.0,-1.0,0,-1.0,-1.0,0,-1.0,-1.0,0,-1.0,-1.0,0,-1.0,-1.0,1,5.0,2.0,0,-1.0,-1.0,0,-1.0,-1.0,1,6.0,9.0,0,-1.0,-1.0,0,-1.0,-1.0,0,-1.0,-1.0,-1,-1,-1,-1,-1,-1,-1,-1,-1,-1,-1,-1,-1,-1,-1,-1,-1,-1,-1,-1,-1,-1,-1,-1,-1,-1,-1,-1,-1,-1,-1,-1,-1,-1,-1,-1,-1,-1,-1,-1,-1,-1,-1,-1,-1,-1,-1,-1,-1,-1,-1,-1,-1,-1,-1,-1,-1,-1,-1,-1,-1,-1,-1,-1,-1,-1,-1,-1,-1,-1,-1,-1,-1,-1,-1,-1,-1,-1,-1,-1,-1,-1,-1,-1,-1,-1,-1,-1,-1,-1,-1,-1,-1,-1,-1,-1,-1,-1,-1,-1,-1,-1,-1,-1,-1,-1,402,-1,-1,-1,-1,-1,-1,-1,-1,-1,-1,-1,-1,-1,-1,knight,6.0,8.0,0,0,0,1,0,0,0,1,1,0,0
32,44,5,1,1,1,1,1,1,0,-1.0,-1.0,1,3.0,1.0,0,-1.0,-1.0,0,-1.0,-1.0,0,-1.0,-1.0,0,-1.0,-1.0,1,4.0,4.0,0,-1.0,-1.0,0,-1.0,-1.0,0,-1.0,-1.0,0,-1.0,-1.0,0,-1.0,-1.0,0,-1.0,-1.0,0,-1.0,-1.0,0,-1.0,-1.0,1,6.0,3.0,0,-1.0,-1.0,0,-1.0,-1.0,1,6.0,9.0,0,-1.0,-1.0,0,-1.0,-1.0,0,-1.0,-1.0,-1,-1,-1,-1,-1,-1,-1,-1,-1,-1,-1,-1,-1,-1,-1,-1,-1,-1,-1,-1,-1,-1,-1,-1,-1,-1,-1,-1,-1,-1,-1,-1,-1,180,-1,-1,-1,-1,-1,-1,125,-1,-1,-1,-1,-1,-1,-1,-1,-1,-1,-1,-1,-1,-1,-1,-1,-1,-1,-1,-1,-1,-1,-1,-1,-1,-1,-1,-1,-1,-1,-1,-1,-1,-1,-1,-1,-1,-1,-1,-1,-1,-1,-1,-1,-1,-1,-1,-1,-1,-1,-1,-1,-1,-1,-1,-1,-1,-1,432,-1,-1,-1,-1,-1,-1,318,-1,-1,-1,-1,-1,-1,-1,-1,-1,-1,-1,-1,-1,-1,arrows,5.0,5.0,0,0,0,1,0,0,0,0,1,0,1
32,45,8,1,1,1,1,1,1,0,-1.0,-1.0,1,2.0,2.0,0,-1.0,-1.0,0,-1.0,-1.0,0,-1.0,-1.0,0,-1.0,-1.0,0,-1.0,-1.0,0,-1.0,-1.0,0,-1.0,-1.0,0,-1.0,-1.0,0,-1.0,-1.0,0,-1.0,-1.0,0,-1.0,-1.0,0,-1.0,-1.0,1,6.0,7.0,1,6.0,4.0,1,6.0,7.0,0,-1.0,-1.0,1,6.0,8.0,0,-1.0,-1.0,0,-1.0,-1.0,0,-1.0,-1.0,-1,-1,-1,-1,-1,-1,-1,-1,-1,-1,-1,-1,-1,-1,-1,-1,-1,-1,-1,-1,-1,-1,-1,-1,-1,-1,-1,-1,-1,-1,-1,-1,-1,-1,-1,-1,-1,-1,-1,-1,-1,-1,-1,-1,-1,-1,-1,-1,-1,-1,-1,-1,-1,-1,-1,-1,-1,-1,-1,-1,-1,-1,-1,-1,-1,-1,-1,-1,-1,-1,-1,-1,-1,-1,-1,-1,-1,326,-1,-1,-1,-1,-1,-1,151,-1,-1,-1,326,-1,-1,-1,-1,-1,-1,151,-1,-1,-1,358,-1,-1,-1,-1,-1,-1,210,-1,-1,-1,-1,-1,-1,-1,-1,-1,-1,-1,-1,-1,-1,wait,-1.0,-1.0,0,0,0,1,0,0,0,0,1,0,1
32,46,7,1,1,1,1,1,1,0,-1.0,-1.0,0,-1.0,-1.0,0,-1.0,-1.0,0,-1.0,-1.0,0,-1.0,-1.0,0,-1.0,-1.0,0,-1.0,-1.0,0,-1.0,-1.0,0,-1.0,-1.0,0,-1.0,-1.0,0,-1.0,-1.0,0,-1.0,-1.0,0,-1.0,-1.0,0,-1.0,-1.0,1,6.0,6.0,0,-1.0,-1.0,0,-1.0,-1.0,0,-1.0,-1.0,0,-1.0,-1.0,0,-1.0,-1.0,0,-1.0,-1.0,0,-1.0,-1.0,-1,-1,-1,-1,-1,-1,-1,-1,-1,-1,-1,-1,-1,-1,-1,-1,-1,-1,-1,-1,-1,-1,-1,-1,-1,-1,-1,-1,-1,-1,-1,-1,-1,-1,-1,-1,-1,-1,-1,-1,-1,-1,-1,-1,-1,-1,-1,-1,-1,-1,-1,-1,-1,-1,-1,-1,-1,-1,-1,-1,-1,-1,-1,-1,-1,-1,-1,-1,-1,-1,-1,-1,-1,-1,-1,-1,-1,-1,-1,-1,-1,-1,-1,-1,-1,-1,-1,-1,-1,-1,-1,-1,-1,-1,-1,-1,-1,-1,-1,-1,-1,-1,-1,-1,-1,-1,-1,-1,-1,-1,-1,-1,-1,-1,-1,-1,-1,-1,-1,-1,-1,wait,-1.0,-1.0,1,0,0,1,0,0,0,0,1,0,1
32,47,8,1,1,1,1,1,1,0,-1.0,-1.0,1,2.0,4.0,0,-1.0,-1.0,0,-1.0,-1.0,0,-1.0,-1.0,0,-1.0,-1.0,0,-1.0,-1.0,0,-1.0,-1.0,0,-1.0,-1.0,0,-1.0,-1.0,0,-1.0,-1.0,0,-1.0,-1.0,0,-1.0,-1.0,0,-1.0,-1.0,0,-1.0,-1.0,0,-1.0,-1.0,0,-1.0,-1.0,0,-1.0,-1.0,0,-1.0,-1.0,0,-1.0,-1.0,0,-1.0,-1.0,0,-1.0,-1.0,-1,-1,-1,-1,-1,-1,-1,-1,-1,-1,-1,-1,-1,-1,-1,-1,-1,-1,-1,-1,-1,-1,-1,-1,-1,-1,-1,-1,-1,-1,-1,-1,-1,-1,-1,-1,-1,-1,-1,-1,-1,-1,-1,-1,-1,-1,-1,-1,-1,-1,-1,-1,-1,-1,-1,-1,-1,-1,-1,-1,-1,-1,-1,-1,-1,-1,-1,-1,-1,-1,-1,-1,-1,-1,-1,-1,-1,-1,-1,-1,-1,-1,-1,-1,-1,-1,-1,-1,-1,-1,-1,-1,-1,-1,-1,-1,-1,-1,-1,-1,-1,-1,-1,-1,-1,-1,-1,-1,-1,-1,-1,-1,-1,-1,-1,-1,-1,-1,-1,-1,-1,goblin cage,7.0,10.0,1,0,0,1,0,0,0,0,1,0,1
32,48,7,1,1,1,1,1,1,0,-1.0,-1.0,1,2.0,6.0,0,-1.0,-1.0,0,-1.0,-1.0,0,-1.0,-1.0,0,-1.0,-1.0,0,-1.0,-1.0,0,-1.0,-1.0,0,-1.0,-1.0,0,-1.0,-1.0,0,-1.0,-1.0,0,-1.0,-1.0,0,-1.0,-1.0,0,-1.0,-1.0,1,6.0,7.0,0,-1.0,-1.0,0,-1.0,-1.0,1,6.0,5.0,0,-1.0,-1.0,0,-1.0,-1.0,0,-1.0,-1.0,0,-1.0,-1.0,-1,-1,-1,-1,-1,-1,-1,-1,-1,-1,-1,-1,-1,-1,-1,-1,-1,-1,-1,-1,-1,-1,-1,-1,-1,-1,-1,-1,-1,-1,-1,-1,-1,-1,-1,-1,-1,-1,-1,-1,-1,-1,-1,-1,-1,-1,-1,-1,-1,-1,-1,-1,-1,-1,-1,-1,-1,-1,-1,-1,-1,-1,-1,-1,-1,-1,-1,-1,-1,-1,-1,-1,-1,-1,-1,-1,-1,256,-1,-1,-1,-1,-1,-1,-1,139,-1,-1,-1,-1,-1,-1,-1,-1,-1,-1,-1,-1,-1,-1,-1,-1,-1,-1,-1,-1,-1,-1,-1,-1,-1,-1,-1,-1,-1,-1,-1,-1,-1,-1,-1,wait,-1.0,-1.0,0,0,0,1,0,0,0,0,1,1,1
32,49,4,1,1,1,1,1,1,1,7.0,10.0,1,2.0,7.0,0,-1.0,-1.0,0,-1.0,-1.0,0,-1.0,-1.0,0,-1.0,-1.0,0,-1.0,-1.0,0,-1.0,-1.0,0,-1.0,-1.0,0,-1.0,-1.0,0,-1.0,-1.0,0,-1.0,-1.0,0,-1.0,-1.0,0,-1.0,-1.0,0,-1.0,-1.0,1,6.0,7.0,0,-1.0,-1.0,0,-1.0,-1.0,0,-1.0,-1.0,0,-1.0,-1.0,0,-1.0,-1.0,0,-1.0,-1.0,362,-1,-1,-1,-1,-1,-1,178,-1,-1,-1,-1,-1,-1,-1,-1,-1,-1,-1,-1,-1,-1,-1,-1,-1,-1,-1,-1,-1,-1,-1,-1,-1,-1,-1,-1,-1,-1,-1,-1,-1,-1,-1,-1,-1,-1,-1,-1,-1,-1,-1,-1,-1,-1,-1,-1,-1,-1,-1,-1,-1,-1,-1,-1,-1,-1,-1,-1,-1,-1,-1,-1,-1,-1,-1,-1,-1,-1,-1,-1,-1,-1,-1,-1,-1,-1,-1,-1,-1,-1,-1,-1,-1,-1,-1,-1,-1,-1,-1,-1,-1,-1,-1,-1,-1,-1,-1,-1,-1,-1,-1,-1,-1,-1,-1,-1,-1,-1,-1,-1,-1,wait,-1.0,-1.0,0,0,1,0,0,0,0,0,1,1,1
32,50,6,1,1,1,1,1,1,1,7.0,10.0,1,6.0,7.0,0,-1.0,-1.0,0,-1.0,-1.0,0,-1.0,-1.0,0,-1.0,-1.0,0,-1.0,-1.0,0,-1.0,-1.0,0,-1.0,-1.0,0,-1.0,-1.0,0,-1.0,-1.0,0,-1.0,-1.0,0,-1.0,-1.0,0,-1.0,-1.0,1,6.0,7.0,1,6.0,7.0,0,-1.0,-1.0,0,-1.0,-1.0,0,-1.0,-1.0,1,6.0,6.0,0,-1.0,-1.0,0,-1.0,-1.0,150,-1,-1,-1,-1,-1,-1,144,-1,182,-1,-1,-1,-1,-1,-1,-1,-1,-1,-1,-1,-1,-1,-1,-1,-1,-1,-1,-1,-1,-1,-1,-1,-1,-1,-1,-1,-1,-1,-1,-1,-1,-1,-1,-1,-1,-1,-1,-1,-1,-1,-1,-1,-1,-1,-1,-1,-1,-1,-1,-1,-1,-1,-1,-1,-1,-1,-1,-1,-1,-1,-1,-1,-1,-1,-1,-1,40,-1,-1,-1,-1,-1,-1,0,-1,52,-1,-1,-1,-1,-1,-1,-1,-1,-1,-1,-1,-1,-1,-1,-1,-1,-1,-1,-1,-1,-1,-1,-1,-1,-1,-1,-1,-1,-1,-1,-1,-1,-1,-1,wait,-1.0,-1.0,0,0,1,0,0,0,0,0,1,1,1
32,51,5,1,1,1,1,1,1,1,7.0,9.0,0,-1.0,-1.0,0,-1.0,-1.0,0,-1.0,-1.0,0,-1.0,-1.0,0,-1.0,-1.0,0,-1.0,-1.0,0,-1.0,-1.0,0,-1.0,-1.0,0,-1.0,-1.0,0,-1.0,-1.0,0,-1.0,-1.0,0,-1.0,-1.0,0,-1.0,-1.0,0,-1.0,-1.0,1,6.0,6.0,0,-1.0,-1.0,0,-1.0,-1.0,0,-1.0,-1.0,0,-1.0,-1.0,0,-1.0,-1.0,0,-1.0,-1.0,-1,-1,-1,-1,-1,-1,-1,158,-1,-1,-1,-1,-1,-1,-1,-1,-1,-1,-1,-1,-1,-1,-1,-1,-1,-1,-1,-1,-1,-1,-1,-1,-1,-1,-1,-1,-1,-1,-1,-1,-1,-1,-1,-1,-1,-1,-1,-1,-1,-1,-1,-1,-1,-1,-1,-1,-1,-1,-1,-1,-1,-1,-1,-1,-1,-1,-1,-1,-1,-1,-1,-1,-1,-1,-1,-1,-1,-1,-1,-1,-1,-1,-1,-1,-1,-1,-1,-1,-1,-1,-1,-1,-1,-1,-1,-1,-1,-1,-1,-1,-1,-1,-1,-1,-1,-1,-1,-1,-1,-1,-1,-1,-1,-1,-1,-1,-1,-1,-1,-1,-1,mini pekka,6.0,7.0,0,0,0,0,0,0,0,1,1,1,1
32,52,7,1,1,1,1,1,1,1,7.0,9.0,1,7.0,6.0,0,-1.0,-1.0,0,-1.0,-1.0,0,-1.0,-1.0,0,-1.0,-1.0,0,-1.0,-1.0,0,-1.0,-1.0,0,-1.0,-1.0,0,-1.0,-1.0,0,-1.0,-1.0,0,-1.0,-1.0,0,-1.0,-1.0,0,-1.0,-1.0,0,-1.0,-1.0,0,-1.0,-1.0,0,-1.0,-1.0,0,-1.0,-1.0,0,-1.0,-1.0,0,-1.0,-1.0,0,-1.0,-1.0,0,-1.0,-1.0,122,-1,-1,-1,-1,-1,-1,-1,-1,-1,-1,-1,-1,-1,-1,-1,-1,-1,-1,-1,-1,-1,-1,-1,-1,-1,-1,-1,-1,-1,-1,-1,-1,-1,-1,-1,-1,-1,-1,-1,-1,-1,-1,-1,-1,-1,-1,-1,-1,-1,-1,-1,-1,-1,-1,-1,-1,-1,-1,-1,-1,-1,-1,-1,-1,-1,-1,-1,-1,-1,-1,-1,-1,-1,-1,-1,-1,-1,-1,-1,-1,-1,-1,-1,-1,-1,-1,-1,-1,-1,-1,-1,-1,-1,-1,-1,-1,-1,-1,-1,-1,-1,-1,-1,-1,-1,-1,-1,-1,-1,-1,-1,-1,-1,-1,-1,-1,-1,-1,-1,-1,arrows,5.0,5.0,0,0,0,0,0,0,0,1,1,1,1
32,53,5,1,1,1,1,1,1,1,7.0,8.0,0,-1.0,-1.0,0,-1.0,-1.0,0,-1.0,-1.0,0,-1.0,-1.0,0,-1.0,-1.0,0,-1.0,-1.0,0,-1.0,-1.0,0,-1.0,-1.0,0,-1.0,-1.0,0,-1.0,-1.0,0,-1.0,-1.0,0,-1.0,-1.0,0,-1.0,-1.0,0,-1.0,-1.0,0,-1.0,-1.0,0,-1.0,-1.0,1,4.0,4.0,0,-1.0,-1.0,0,-1.0,-1.0,0,-1.0,-1.0,0,-1.0,-1.0,-1,-1,-1,-1,-1,-1,-1,-1,233,-1,-1,-1,-1,-1,-1,-1,-1,-1,-1,-1,-1,-1,-1,-1,-1,-1,-1,-1,-1,-1,-1,-1,-1,-1,-1,-1,-1,-1,-1,-1,-1,-1,-1,-1,-1,-1,-1,-1,-1,-1,-1,-1,-1,-1,-1,-1,-1,-1,-1,-1,-1,-1,-1,-1,-1,-1,-1,-1,-1,-1,-1,-1,-1,-1,-1,-1,-1,-1,-1,-1,-1,-1,-1,-1,-1,-1,-1,-1,-1,-1,-1,-1,-1,-1,-1,-1,-1,-1,-1,-1,-1,-1,-1,-1,-1,-1,-1,-1,-1,-1,-1,-1,-1,-1,-1,-1,-1,-1,-1,-1,-1,wait,-1.0,-1.0,0,0,0,0,0,0,0,1,0,1,1
32,54,5,1,1,1,1,1,1,1,6.0,7.0,0,-1.0,-1.0,0,-1.0,-1.0,0,-1.0,-1.0,0,-1.0,-1.0,0,-1.0,-1.0,0,-1.0,-1.0,0,-1.0,-1.0,0,-1.0,-1.0,0,-1.0,-1.0,0,-1.0,-1.0,0,-1.0,-1.0,0,-1.0,-1.0,0,-1.0,-1.0,0,-1.0,-1.0,0,-1.0,-1.0,1,6.0,5.0,0,-1.0,-1.0,0,-1.0,-1.0,0,-1.0,-1.0,0,-1.0,-1.0,0,-1.0,-1.0,-1,-1,-1,-1,-1,-1,-1,-1,-1,-1,-1,-1,-1,-1,-1,-1,-1,-1,-1,-1,-1,-1,-1,-1,-1,-1,-1,-1,-1,-1,-1,-1,-1,-1,-1,-1,-1,-1,-1,-1,-1,-1,-1,-1,-1,-1,-1,-1,-1,-1,-1,-1,-1,-1,-1,-1,-1,-1,-1,-1,-1,-1,-1,-1,-1,-1,-1,-1,-1,-1,-1,-1,-1,-1,-1,-1,-1,-1,-1,-1,-1,-1,-1,-1,-1,-1,-1,-1,-1,-1,-1,-1,-1,-1,-1,-1,-1,-1,-1,-1,-1,-1,-1,-1,-1,-1,-1,-1,-1,-1,-1,-1,-1,-1,-1,-1,-1,-1,-1,-1,-1,wait,-1.0,-1.0,1,0,0,0,0,0,0,1,0,1,1
32,55,7,1,1,1,1,1,1,1,4.0,5.0,0,-1.0,-1.0,0,-1.0,-1.0,0,-1.0,-1.0,0,-1.0,-1.0,0,-1.0,-1.0,0,-1.0,-1.0,0,-1.0,-1.0,0,-1.0,-1.0,0,-1.0,-1.0,0,-1.0,-1.0,0,-1.0,-1.0,0,-1.0,-1.0,0,-1.0,-1.0,0,-1.0,-1.0,0,-1.0,-1.0,1,5.0,5.0,0,-1.0,-1.0,0,-1.0,-1.0,0,-1.0,-1.0,0,-1.0,-1.0,0,-1.0,-1.0,-1,-1,-1,-1,-1,-1,-1,-1,-1,-1,-1,-1,-1,-1,-1,-1,-1,-1,-1,-1,-1,-1,-1,-1,-1,-1,-1,-1,-1,-1,-1,-1,-1,-1,-1,-1,-1,-1,-1,-1,-1,-1,-1,-1,-1,-1,-1,-1,-1,-1,-1,-1,-1,-1,-1,-1,-1,-1,-1,-1,-1,-1,-1,-1,-1,-1,-1,-1,-1,-1,-1,-1,-1,-1,-1,-1,-1,-1,-1,-1,-1,-1,-1,-1,-1,-1,-1,-1,-1,-1,-1,-1,-1,-1,-1,-1,-1,-1,-1,-1,-1,-1,-1,-1,-1,-1,-1,-1,-1,-1,-1,-1,-1,-1,-1,-1,-1,-1,-1,-1,-1,archers,5.0,11.0,1,0,0,0,0,0,0,1,0,1,1
32,56,9,1,1,1,1,1,1,0,-1.0,-1.0,0,-1.0,-1.0,0,-1.0,-1.0,0,-1.0,-1.0,0,-1.0,-1.0,0,-1.0,-1.0,0,-1.0,-1.0,0,-1.0,-1.0,0,-1.0,-1.0,0,-1.0,-1.0,0,-1.0,-1.0,0,-1.0,-1.0,0,-1.0,-1.0,0,-1.0,-1.0,0,-1.0,-1.0,0,-1.0,-1.0,0,-1.0,-1.0,0,-1.0,-1.0,0,-1.0,-1.0,1,5.0,5.0,0,-1.0,-1.0,0,-1.0,-1.0,-1,-1,-1,-1,-1,-1,-1,-1,-1,-1,-1,-1,-1,-1,-1,-1,-1,-1,-1,-1,-1,-1,-1,-1,-1,-1,-1,-1,-1,-1,-1,-1,-1,-1,-1,-1,-1,-1,-1,-1,-1,-1,-1,-1,-1,-1,-1,-1,-1,-1,-1,-1,-1,-1,-1,-1,-1,-1,-1,-1,-1,-1,-1,-1,-1,-1,-1,-1,-1,-1,-1,-1,-1,-1,-1,-1,-1,-1,-1,-1,-1,-1,-1,-1,-1,-1,-1,-1,-1,-1,-1,-1,-1,-1,-1,-1,-1,-1,-1,-1,-1,-1,-1,-1,-1,-1,-1,-1,-1,-1,-1,-1,-1,-1,-1,-1,-1,-1,-1,-1,-1,wait,-1.0,-1.0,0,0,0,1,0,0,0,1,0,1,1
32,57,8,1,1,1,1,1,1,1,5.0,10.0,0,-1.0,-1.0,0,-1.0,-1.0,0,-1.0,-1.0,0,-1.0,-1.0,0,-1.0,-1.0,0,-1.0,-1.0,0,-1.0,-1.0,0,-1.0,-1.0,0,-1.0,-1.0,0,-1.0,-1.0,0,-1.0,-1.0,0,-1.0,-1.0,0,-1.0,-1.0,0,-1.0,-1.0,1,7.0,7.0,0,-1.0,-1.0,0,-1.0,-1.0,0,-1.0,-1.0,0,-1.0,-1.0,0,-1.0,-1.0,0,-1.0,-1.0,-1,-1,-1,-1,-1,-1,-1,201,-1,-1,-1,-1,-1,-1,-1,-1,-1,-1,-1,-1,-1,-1,-1,-1,-1,-1,-1,-1,-1,-1,-1,-1,-1,-1,-1,-1,-1,-1,-1,-1,-1,-1,-1,-1,-1,-1,-1,-1,-1,-1,-1,-1,-1,-1,-1,-1,-1,-1,-1,-1,-1,-1,-1,-1,-1,-1,-1,-1,-1,-1,-1,-1,-1,-1,-1,-1,-1,-1,-1,-1,-1,-1,-1,-1,-1,-1,-1,-1,-1,-1,-1,-1,-1,-1,-1,-1,-1,-1,-1,-1,-1,-1,-1,-1,-1,-1,-1,-1,-1,-1,-1,-1,-1,-1,-1,-1,-1,-1,-1,-1,-1,wait,-1.0,-1.0,0,0,0,1,0,0,0,1,0,1,1
32,58,6,1,1,1,1,1,1,1,5.0,10.0,0,-1.0,-1.0,0,-1.0,-1.0,0,-1.0,-1.0,0,-1.0,-1.0,0,-1.0,-1.0,1,5.0,8.0,0,-1.0,-1.0,0,-1.0,-1.0,0,-1.0,-1.0,0,-1.0,-1.0,0,-1.0,-1.0,0,-1.0,-1.0,0,-1.0,-1.0,0,-1.0,-1.0,1,6.0,7.0,0,-1.0,-1.0,0,-1.0,-1.0,0,-1.0,-1.0,0,-1.0,-1.0,0,-1.0,-1.0,0,-1.0,-1.0,-1,-1,-1,-1,-1,-1,-1,145,-1,-1,-1,-1,-1,-1,-1,-1,-1,-1,-1,-1,-1,-1,-1,-1,-1,-1,-1,-1,-1,-1,-1,-1,-1,-1,-1,-1,-1,-1,-1,-1,76,-1,-1,-1,-1,-1,-1,-1,-1,-1,-1,-1,-1,-1,-1,-1,-1,-1,-1,-1,-1,-1,-1,-1,-1,-1,-1,-1,-1,-1,-1,-1,-1,-1,-1,-1,-1,-1,-1,-1,-1,-1,-1,-1,-1,-1,-1,-1,-1,-1,-1,-1,-1,-1,-1,-1,-1,-1,-1,-1,-1,-1,-1,-1,-1,-1,-1,-1,-1,-1,-1,-1,-1,-1,-1,-1,-1,-1,-1,-1,-1,wait,-1.0,-1.0,0,0,1,0,0,0,0,1,0,1,1
32,59,8,1,1,1,1,1,1,0,-1.0,-1.0,0,-1.0,-1.0,0,-1.0,-1.0,0,-1.0,-1.0,0,-1.0,-1.0,0,-1.0,-1.0,0,-1.0,-1.0,0,-1.0,-1.0,0,-1.0,-1.0,0,-1.0,-1.0,0,-1.0,-1.0,0,-1.0,-1.0,0,-1.0,-1.0,0,-1.0,-1.0,0,-1.0,-1.0,0,-1.0,-1.0,0,-1.0,-1.0,0,-1.0,-1.0,1,6.0,6.0,0,-1.0,-1.0,0,-1.0,-1.0,0,-1.0,-1.0,-1,-1,-1,-1,-1,-1,-1,-1,-1,-1,-1,-1,-1,-1,-1,-1,-1,-1,-1,-1,-1,-1,-1,-1,-1,-1,-1,-1,-1,-1,-1,-1,-1,-1,-1,-1,-1,-1,-1,-1,-1,-1,-1,-1,-1,-1,-1,-1,-1,-1,-1,-1,-1,-1,-1,-1,-1,-1,-1,-1,-1,-1,-1,-1,-1,-1,-1,-1,-1,-1,-1,-1,-1,-1,-1,-1,-1,-1,-1,-1,-1,-1,-1,-1,-1,-1,-1,-1,-1,-1,-1,-1,-1,-1,-1,-1,-1,-1,-1,-1,-1,-1,-1,-1,-1,-1,-1,-1,-1,-1,-1,-1,-1,-1,-1,-1,-1,-1,-1,-1,-1,arrows,1.0,8.0,0,0,0,0,0,0,0,1,1,0,1
32,60,6,1,1,1,1,1,1,0,-1.0,-1.0,0,-1.0,-1.0,0,-1.0,-1.0,0,-1.0,-1.0,0,-1.0,-1.0,0,-1.0,-1.0,0,-1.0,-1.0,0,-1.0,-1.0,0,-1.0,-1.0,0,-1.0,-1.0,0,-1.0,-1.0,0,-1.0,-1.0,0,-1.0,-1.0,0,-1.0,-1.0,0,-1.0,-1.0,0,-1.0,-1.0,1,2.0,7.0,0,-1.0,-1.0,0,-1.0,-1.0,0,-1.0,-1.0,0,-1.0,-1.0,0,-1.0,-1.0,-1,-1,-1,-1,-1,-1,-1,-1,-1,-1,-1,-1,-1,-1,-1,-1,-1,-1,-1,-1,-1,-1,-1,-1,-1,-1,-1,-1,-1,-1,-1,-1,-1,-1,-1,-1,-1,-1,-1,-1,-1,-1,-1,-1,-1,-1,-1,-1,-1,-1,-1,-1,-1,-1,-1,-1,-1,-1,-1,-1,-1,-1,-1,-1,-1,-1,-1,-1,-1,-1,-1,-1,-1,-1,-1,-1,-1,-1,-1,-1,-1,-1,-1,-1,-1,-1,-1,-1,-1,-1,-1,-1,-1,-1,-1,-1,-1,-1,-1,-1,-1,-1,-1,-1,-1,-1,-1,-1,-1,-1,-1,-1,-1,-1,-1,-1,-1,-1,-1,-1,-1,knight,6.0,9.0,1,0,0,0,0,0,0,1,0,0,1
32,61,5,1,1,1,1,1,1,0,-1.0,-1.0,0,-1.0,-1.0,0,-1.0,-1.0,0,-1.0,-1.0,0,-1.0,-1.0,0,-1.0,-1.0,0,-1.0,-1.0,0,-1.0,-1.0,0,-1.0,-1.0,0,-1.0,-1.0,0,-1.0,-1.0,0,-1.0,-1.0,0,-1.0,-1.0,0,-1.0,-1.0,0,-1.0,-1.0,0,-1.0,-1.0,1,2.0,5.0,0,-1.0,-1.0,1,3.0,4.0,0,-1.0,-1.0,0,-1.0,-1.0,0,-1.0,-1.0,-1,-1,-1,-1,-1,-1,-1,-1,-1,-1,-1,-1,-1,-1,-1,-1,-1,-1,-1,-1,-1,-1,-1,-1,-1,-1,-1,-1,-1,-1,-1,-1,-1,-1,-1,-1,-1,-1,-1,-1,-1,-1,-1,-1,-1,-1,-1,-1,-1,-1,-1,-1,-1,-1,-1,-1,-1,-1,-1,-1,-1,-1,-1,-1,-1,-1,-1,-1,-1,-1,-1,-1,-1,-1,-1,-1,-1,-1,-1,-1,-1,-1,-1,-1,-1,-1,-1,-1,-1,-1,-1,-1,-1,-1,-1,-1,-1,-1,-1,-1,-1,-1,-1,-1,-1,-1,-1,-1,-1,-1,-1,-1,-1,-1,-1,-1,-1,-1,-1,-1,-1,wait,-1.0,-1.0,1,0,0,1,0,0,0,1,0,0,1
32,62,5,1,1,1,1,1,1,0,-1.0,-1.0,0,-1.0,-1.0,0,-1.0,-1.0,0,-1.0,-1.0,0,-1.0,-1.0,0,-1.0,-1.0,0,-1.0,-1.0,0,-1.0,-1.0,0,-1.0,-1.0,0,-1.0,-1.0,0,-1.0,-1.0,0,-1.0,-1.0,0,-1.0,-1.0,0,-1.0,-1.0,1,6.0,8.0,0,-1.0,-1.0,1,6.0,8.0,0,-1.0,-1.0,0,-1.0,-1.0,0,-1.0,-1.0,0,-1.0,-1.0,0,-1.0,-1.0,-1,-1,-1,-1,-1,-1,-1,-1,-1,-1,-1,-1,-1,-1,-1,-1,-1,-1,-1,-1,-1,-1,-1,-1,-1,-1,-1,-1,-1,-1,-1,-1,-1,-1,-1,-1,-1,-1,-1,-1,-1,-1,-1,-1,-1,-1,-1,-1,-1,-1,-1,-1,-1,-1,-1,-1,-1,-1,-1,-1,-1,-1,-1,-1,-1,-1,-1,-1,-1,-1,-1,-1,-1,-1,-1,-1,-1,-1,-1,-1,-1,-1,-1,-1,-1,-1,-1,-1,-1,-1,-1,-1,-1,-1,-1,-1,-1,-1,-1,-1,-1,-1,-1,-1,-1,-1,-1,-1,-1,-1,-1,-1,-1,-1,-1,-1,-1,-1,-1,-1,-1,wait,-1.0,-1.0,1,0,0,1,0,0,0,0,0,0,1
32,63,7,1,1,1,1,1,1,0,-1.0,-1.0,0,-1.0,-1.0,0,-1.0,-1.0,0,-1.0,-1.0,0,-1.0,-1.0,0,-1.0,-1.0,0,-1.0,-1.0,0,-1.0,-1.0,0,-1.0,-1.0,0,-1.0,-1.0,0,-1.0,-1.0,0,-1.0,-1.0,0,-1.0,-1.0,0,-1.0,-1.0,1,6.0,8.0,0,-1.0,-1.0,1,2.0,5.0,0,-1.0,-1.0,0,-1.0,-1.0,0,-1.0,-1.0,0,-1.0,-1.0,0,-1.0,-1.0,-1,-1,-1,-1,-1,-1,-1,-1,-1,-1,-1,-1,-1,-1,-1,-1,-1,-1,-1,-1,-1,-1,-1,-1,-1,-1,-1,-1,-1,-1,-1,-1,-1,-1,-1,-1,-1,-1,-1,-1,-1,-1,-1,-1,-1,-1,-1,-1,-1,-1,-1,-1,-1,-1,-1,-1,-1,-1,-1,-1,-1,-1,-1,-1,-1,-1,-1,-1,-1,-1,-1,-1,-1,-1,-1,-1,-1,-1,-1,-1,-1,-1,-1,-1,-1,-1,-1,-1,-1,-1,-1,-1,-1,-1,-1,-1,-1,-1,-1,-1,-1,-1,-1,-1,-1,-1,-1,-1,-1,-1,-1,-1,-1,-1,-1,-1,-1,-1,-1,-1,-1,wait,-1.0,-1.0,1,0,0,1,0,0,0,0,0,0,1
32,64,9,1,1,1,1,1,1,0,-1.0,-1.0,0,-1.0,-1.0,0,-1.0,-1.0,0,-1.0,-1.0,0,-1.0,-1.0,0,-1.0,-1.0,0,-1.0,-1.0,0,-1.0,-1.0,0,-1.0,-1.0,0,-1.0,-1.0,0,-1.0,-1.0,0,-1.0,-1.0,0,-1.0,-1.0,0,-1.0,-1.0,1,2.0,4.0,0,-1.0,-1.0,0,-1.0,-1.0,0,-1.0,-1.0,0,-1.0,-1.0,0,-1.0,-1.0,0,-1.0,-1.0,0,-1.0,-1.0,-1,-1,-1,-1,-1,-1,-1,-1,-1,-1,-1,-1,-1,-1,-1,-1,-1,-1,-1,-1,-1,-1,-1,-1,-1,-1,-1,-1,-1,-1,-1,-1,-1,-1,-1,-1,-1,-1,-1,-1,-1,-1,-1,-1,-1,-1,-1,-1,-1,-1,-1,-1,-1,-1,-1,-1,-1,-1,-1,-1,-1,-1,-1,-1,-1,-1,-1,-1,-1,-1,-1,-1,-1,-1,-1,-1,-1,-1,-1,-1,-1,-1,-1,-1,-1,-1,-1,-1,-1,-1,-1,-1,-1,-1,-1,-1,-1,-1,-1,-1,-1,-1,-1,-1,-1,-1,-1,-1,-1,-1,-1,-1,-1,-1,-1,-1,-1,-1,-1,-1,-1,goblin cage,4.0,10.0,1,0,0,1,0,0,0,0,0,0,1
32,65,9,1,1,1,1,1,1,0,-1.0,-1.0,0,-1.0,-1.0,0,-1.0,-1.0,0,-1.0,-1.0,0,-1.0,-1.0,0,-1.0,-1.0,0,-1.0,-1.0,0,-1.0,-1.0,0,-1.0,-1.0,0,-1.0,-1.0,0,-1.0,-1.0,0,-1.0,-1.0,0,-1.0,-1.0,0,-1.0,-1.0,1,6.0,6.0,1,2.0,5.0,0,-1.0,-1.0,0,-1.0,-1.0,0,-1.0,-1.0,0,-1.0,-1.0,0,-1.0,-1.0,0,-1.0,-1.0,-1,-1,-1,-1,-1,-1,-1,-1,-1,-1,-1,-1,-1,-1,-1,-1,-1,-1,-1,-1,-1,-1,-1,-1,-1,-1,-1,-1,-1,-1,-1,-1,-1,-1,-1,-1,-1,-1,-1,-1,-1,-1,-1,-1,-1,-1,-1,-1,-1,-1,-1,-1,-1,-1,-1,-1,-1,-1,-1,-1,-1,-1,-1,-1,-1,-1,-1,-1,-1,-1,-1,-1,-1,-1,-1,-1,-1,-1,-1,-1,-1,-1,-1,-1,286,-1,-1,-1,-1,-1,-1,-1,-1,-1,-1,-1,-1,-1,-1,-1,-1,-1,-1,-1,-1,-1,-1,-1,-1,-1,-1,-1,-1,-1,-1,-1,-1,-1,-1,-1,-1,archers,3.0,10.0,1,0,1,0,0,0,0,0,0,0,1
32,66,7,1,1,1,1,1,1,0,-1.0,-1.0,0,-1.0,-1.0,0,-1.0,-1.0,0,-1.0,-1.0,0,-1.0,-1.0,0,-1.0,-1.0,1,5.0,9.0,0,-1.0,-1.0,0,-1.0,-1.0,0,-1.0,-1.0,0,-1.0,-1.0,0,-1.0,-1.0,0,-1.0,-1.0,0,-1.0,-1.0,0,-1.0,-1.0,1,2.0,6.0,0,-1.0,-1.0,0,-1.0,-1.0,0,-1.0,-1.0,0,-1.0,-1.0,0,-1.0,-1.0,0,-1.0,-1.0,-1,-1,-1,-1,-1,-1,-1,-1,-1,-1,-1,-1,-1,-1,-1,-1,-1,-1,-1,-1,-1,-1,-1,-1,-1,-1,-1,-1,-1,-1,-1,-1,-1,-1,-1,-1,-1,-1,-1,-1,236,-1,-1,-1,-1,-1,-1,-1,-1,-1,-1,-1,-1,-1,-1,-1,-1,-1,-1,-1,-1,-1,-1,-1,-1,-1,-1,-1,-1,-1,-1,-1,-1,-1,-1,-1,-1,-1,-1,-1,-1,-1,-1,-1,-1,-1,-1,-1,-1,-1,-1,-1,-1,-1,-1,-1,-1,-1,-1,-1,-1,-1,-1,-1,-1,-1,-1,-1,-1,-1,-1,-1,-1,-1,-1,-1,-1,-1,-1,-1,-1,wait,-1.0,-1.0,1,0,1,0,0,0,0,0,0,0,1
32,67,5,1,1,1,1,1,1,0,-1.0,-1.0,0,-1.0,-1.0,0,-1.0,-1.0,0,-1.0,-1.0,0,-1.0,-1.0,0,-1.0,-1.0,1,5.0,9.0,0,-1.0,-1.0,0,-1.0,-1.0,0,-1.0,-1.0,0,-1.0,-1.0,0,-1.0,-1.0,0,-1.0,-1.0,0,-1.0,-1.0,0,-1.0,-1.0,1,2.0,8.0,0,-1.0,-1.0,0,-1.0,-1.0,0,-1.0,-1.0,0,-1.0,-1.0,0,-1.0,-1.0,0,-1.0,-1.0,-1,-1,-1,-1,-1,-1,-1,-1,-1,-1,-1,-1,-1,-1,-1,-1,-1,-1,-1,-1,-1,-1,-1,-1,-1,-1,-1,-1,-1,-1,-1,-1,-1,-1,-1,-1,-1,-1,-1,-1,197,-1,-1,-1,-1,-1,-1,-1,-1,-1,-1,-1,-1,-1,-1,-1,-1,-1,-1,-1,-1,-1,-1,-1,-1,-1,-1,-1,-1,-1,-1,-1,-1,-1,-1,-1,-1,-1,-1,-1,-1,-1,-1,-1,-1,-1,-1,-1,-1,-1,-1,-1,-1,-1,-1,-1,-1,-1,-1,-1,-1,-1,-1,-1,-1,-1,-1,-1,-1,-1,-1,-1,-1,-1,-1,-1,-1,-1,-1,-1,-1,wait,-1.0,-1.0,0,0,1,0,0,0,0,0,1,0,1
32,68,4,1,1,1,1,1,1,1,3.0,10.0,1,6.0,7.0,0,-1.0,-1.0,0,-1.0,-1.0,0,-1.0,-1.0,0,-1.0,-1.0,1,5.0,9.0,0,-1.0,-1.0,0,-1.0,-1.0,0,-1.0,-1.0,0,-1.0,-1.0,0,-1.0,-1.0,0,-1.0,-1.0,0,-1.0,-1.0,0,-1.0,-1.0,1,2.0,9.0,0,-1.0,-1.0,0,-1.0,-1.0,0,-1.0,-1.0,0,-1.0,-1.0,0,-1.0,-1.0,0,-1.0,-1.0,233,-1,-1,-1,-1,-1,-1,76,-1,-1,-1,-1,-1,-1,-1,-1,-1,-1,-1,-1,-1,-1,-1,-1,-1,-1,-1,-1,-1,-1,-1,-1,-1,151,-1,-1,-1,-1,-1,-1,148,-1,-1,-1,-1,-1,-1,-1,-1,-1,-1,-1,-1,-1,-1,-1,-1,-1,-1,-1,-1,-1,-1,-1,-1,-1,-1,-1,-1,-1,-1,-1,-1,-1,-1,-1,-1,-1,-1,-1,-1,-1,-1,-1,-1,-1,-1,-1,-1,-1,-1,-1,-1,-1,-1,-1,-1,-1,-1,-1,-1,-1,-1,-1,-1,-1,-1,-1,-1,-1,-1,-1,-1,-1,-1,-1,-1,-1,-1,-1,-1,wait,-1.0,-1.0,0,0,1,0,0,0,0,1,0,0,1
32,69,6,1,1,1,1,1,1,1,3.0,9.0,1,5.0,6.0,0,-1.0,-1.0,0,-1.0,-1.0,0,-1.0,-1.0,0,-1.0,-1.0,1,5.0,9.0,0,-1.0,-1.0,0,-1.0,-1.0,0,-1.0,-1.0,0,-1.0,-1.0,0,-1.0,-1.0,0,-1.0,-1.0,0,-1.0,-1.0,0,-1.0,-1.0,0,-1.0,-1.0,1,2.0,6.0,0,-1.0,-1.0,0,-1.0,-1.0,0,-1.0,-1.0,0,-1.0,-1.0,0,-1.0,-1.0,215,-1,-1,-1,-1,-1,-1,-1,-1,-1,-1,-1,-1,-1,-1,-1,-1,-1,-1,-1,-1,-1,-1,-1,-1,-1,-1,-1,-1,-1,-1,-1,-1,164,-1,-1,-1,-1,-1,-1,-1,-1,-1,-1,-1,-1,-1,-1,-1,-1,-1,-1,-1,-1,-1,-1,-1,-1,-1,-1,-1,-1,-1,-1,-1,-1,-1,-1,-1,-1,-1,-1,-1,-1,-1,-1,-1,-1,-1,-1,-1,-1,-1,-1,-1,-1,-1,-1,215,-1,-1,-1,-1,-1,-1,-1,-1,-1,-1,-1,-1,-1,-1,-1,-1,-1,-1,-1,-1,-1,-1,-1,-1,-1,-1,-1,-1,-1,-1,-1,-1,knight,4.0,6.0,0,0,1,0,0,0,0,1,0,0,1
32,70,4,1,1,1,1,1,1,1,2.0,8.0,1,3.0,6.0,0,-1.0,-1.0,0,-1.0,-1.0,0,-1.0,-1.0,0,-1.0,-1.0,1,5.0,9.0,0,-1.0,-1.0,0,-1.0,-1.0,0,-1.0,-1.0,0,-1.0,-1.0,0,-1.0,-1.0,0,-1.0,-1.0,0,-1.0,-1.0,0,-1.0,-1.0,0,-1.0,-1.0,1,3.0,6.0,0,-1.0,-1.0,1,4.0,7.0,0,-1.0,-1.0,0,-1.0,-1.0,0,-1.0,-1.0,112,-1,-1,-1,-1,-1,-1,-1,-1,-1,-1,-1,-1,-1,-1,-1,-1,-1,-1,-1,-1,-1,-1,-1,-1,-1,-1,-1,-1,-1,-1,-1,-1,173,-1,-1,-1,-1,-1,-1,-1,-1,-1,-1,-1,-1,-1,-1,-1,-1,-1,-1,-1,-1,-1,-1,-1,-1,-1,-1,-1,-1,-1,-1,-1,-1,-1,-1,-1,-1,-1,-1,-1,-1,-1,-1,-1,-1,-1,-1,-1,-1,-1,-1,-1,-1,-1,-1,34,-1,-1,-1,-1,-1,-1,-1,-1,-1,-1,61,-1,-1,-1,-1,-1,-1,-1,-1,-1,-1,-1,-1,-1,-1,-1,-1,-1,-1,-1,-1,-1,wait,-1.0,-1.0,0,0,1,0,0,0,0,1,0,0,1
32,71,3,1,1,1,1,1,1,1,2.0,7.0,1,2.0,4.0,0,-1.0,-1.0,0,-1.0,-1.0,0,-1.0,-1.0,0,-1.0,-1.0,0,-1.0,-1.0,0,-1.0,-1.0,0,-1.0,-1.0,0,-1.0,-1.0,0,-1.0,-1.0,0,-1.0,-1.0,0,-1.0,-1.0,0,-1.0,-1.0,0,-1.0,-1.0,0,-1.0,-1.0,1,3.0,6.0,0,-1.0,-1.0,0,-1.0,-1.0,0,-1.0,-1.0,0,-1.0,-1.0,0,-1.0,-1.0,187,-1,-1,-1,-1,-1,-1,-1,-1,-1,-1,-1,-1,-1,-1,-1,-1,-1,-1,-1,-1,-1,-1,-1,-1,-1,-1,-1,-1,-1,-1,-1,-1,-1,-1,-1,-1,-1,-1,-1,-1,-1,-1,-1,-1,-1,-1,-1,-1,-1,-1,-1,-1,-1,-1,-1,-1,-1,-1,-1,-1,-1,-1,-1,-1,-1,-1,-1,-1,-1,-1,-1,-1,-1,-1,-1,-1,-1,-1,-1,-1,-1,-1,-1,-1,-1,-1,-1,127,-1,-1,-1,-1,-1,-1,-1,-1,-1,-1,-1,-1,-1,-1,-1,-1,-1,-1,-1,-1,-1,-1,-1,-1,-1,-1,-1,-1,-1,-1,-1,-1,wait,-1.0,-1.0,0,0,1,0,0,0,0,0,0,0,1
32,72,8,1,1,1,1,1,1,0,-1.0,-1.0,1,2.0,6.0,1,4.0,4.0,1,2.0,7.0,0,-1.0,-1.0,0,-1.0,-1.0,0,-1.0,-1.0,0,-1.0,-1.0,0,-1.0,-1.0,0,-1.0,-1.0,0,-1.0,-1.0,0,-1.0,-1.0,0,-1.0,-1.0,0,-1.0,-1.0,0,-1.0,-1.0,0,-1.0,-1.0,0,-1.0,-1.0,0,-1.0,-1.0,0,-1.0,-1.0,0,-1.0,-1.0,0,-1.0,-1.0,0,-1.0,-1.0,-1,-1,-1,-1,-1,-1,-1,-1,-1,-1,-1,128,176,-1,-1,-1,-1,-1,-1,-1,-1,-1,-1,-1,-1,-1,-1,-1,-1,-1,-1,-1,-1,-1,-1,-1,-1,-1,-1,-1,-1,-1,-1,-1,-1,-1,-1,-1,-1,-1,-1,-1,-1,-1,-1,-1,-1,-1,-1,-1,-1,-1,-1,-1,-1,-1,-1,-1,-1,-1,-1,-1,-1,-1,-1,-1,-1,-1,-1,-1,-1,-1,-1,-1,-1,-1,-1,-1,-1,-1,-1,-1,-1,-1,-1,-1,-1,-1,-1,-1,-1,-1,-1,-1,-1,-1,-1,-1,-1,-1,-1,-1,-1,-1,-1,-1,-1,-1,-1,-1,-1,arrows,3.0,5.0,0,0,1,1,0,0,0,0,0,0,1
32,73,7,1,1,1,1,1,1,1,2.0,7.0,0,-1.0,-1.0,0,-1.0,-1.0,0,-1.0,-1.0,0,-1.0,-1.0,0,-1.0,-1.0,0,-1.0,-1.0,0,-1.0,-1.0,0,-1.0,-1.0,0,-1.0,-1.0,0,-1.0,-1.0,0,-1.0,-1.0,0,-1.0,-1.0,0,-1.0,-1.0,1,3.0,6.0,0,-1.0,-1.0,0,-1.0,-1.0,1,4.0,7.0,0,-1.0,-1.0,0,-1.0,-1.0,0,-1.0,-1.0,0,-1.0,-1.0,-1,-1,-1,-1,-1,-1,-1,-1,115,-1,-1,-1,-1,-1,-1,-1,-1,-1,-1,-1,-1,-1,-1,-1,-1,-1,-1,-1,-1,-1,-1,-1,-1,-1,-1,-1,-1,-1,-1,-1,-1,-1,-1,-1,-1,-1,-1,-1,-1,-1,-1,-1,-1,-1,-1,-1,-1,-1,-1,-1,-1,-1,-1,-1,-1,-1,-1,-1,-1,-1,-1,-1,-1,-1,-1,-1,-1,-1,-1,-1,-1,-1,-1,-1,-1,88,-1,-1,-1,-1,-1,-1,-1,-1,-1,-1,-1,-1,-1,-1,-1,-1,-1,-1,-1,-1,-1,-1,-1,-1,-1,-1,-1,-1,-1,-1,-1,-1,-1,-1,-1,wait,-1.0,-1.0,1,0,0,1,0,0,0,1,0,0,1
32,74,9,1,1,1,1,1,1,0,-1.0,-1.0,0,-1.0,-1.0,0,-1.0,-1.0,0,-1.0,-1.0,0,-1.0,-1.0,0,-1.0,-1.0,0,-1.0,-1.0,0,-1.0,-1.0,0,-1.0,-1.0,0,-1.0,-1.0,0,-1.0,-1.0,0,-1.0,-1.0,0,-1.0,-1.0,0,-1.0,-1.0,0,-1.0,-1.0,0,-1.0,-1.0,0,-1.0,-1.0,0,-1.0,-1.0,0,-1.0,-1.0,0,-1.0,-1.0,0,-1.0,-1.0,0,-1.0,-1.0,-1,-1,-1,-1,-1,-1,-1,-1,-1,-1,-1,-1,-1,-1,-1,-1,-1,-1,-1,-1,-1,-1,-1,-1,-1,-1,-1,-1,-1,-1,-1,-1,-1,-1,-1,-1,-1,-1,-1,-1,-1,-1,-1,-1,-1,-1,-1,-1,-1,-1,-1,-1,-1,-1,-1,-1,-1,-1,-1,-1,-1,-1,-1,-1,-1,-1,-1,-1,-1,-1,-1,-1,-1,-1,-1,-1,-1,-1,-1,-1,-1,-1,-1,-1,-1,-1,-1,-1,-1,-1,-1,-1,-1,-1,-1,-1,-1,-1,-1,-1,-1,-1,-1,-1,-1,-1,-1,-1,-1,-1,-1,-1,-1,-1,-1,-1,-1,-1,-1,-1,-1,wait,-1.0,-1.0,1,0,0,1,0,0,0,1,0,0,1
32,75,7,1,1,1,1,1,1,0,-1.0,-1.0,0,-1.0,-1.0,0,-1.0,-1.0,0,-1.0,-1.0,0,-1.0,-1.0,0,-1.0,-1.0,0,-1.0,-1.0,0,-1.0,-1.0,0,-1.0,-1.0,0,-1.0,-1.0,0,-1.0,-1.0,0,-1.0,-1.0,0,-1.0,-1.0,0,-1.0,-1.0,0,-1.0,-1.0,1,1.0,7.0,1,1.0,7.0,0,-1.0,-1.0,1,3.0,7.0,0,-1.0,-1.0,0,-1.0,-1.0,0,-1.0,-1.0,-1,-1,-1,-1,-1,-1,-1,-1,-1,-1,-1,-1,-1,-1,-1,-1,-1,-1,-1,-1,-1,-1,-1,-1,-1,-1,-1,-1,-1,-1,-1,-1,-1,-1,-1,-1,-1,-1,-1,-1,-1,-1,-1,-1,-1,-1,-1,-1,-1,-1,-1,-1,-1,-1,-1,-1,-1,-1,-1,-1,-1,-1,-1,-1,-1,-1,-1,-1,-1,-1,-1,-1,-1,-1,-1,-1,-1,-1,-1,-1,-1,-1,-1,-1,-1,-1,-1,-1,-1,-1,-1,-1,-1,-1,-1,36,-1,-1,-1,-1,-1,-1,-1,-1,-1,-1,116,-1,-1,-1,-1,-1,-1,-1,-1,-1,-1,-1,-1,-1,-1,wait,-1.0,-1.0,1,0,0,1,0,0,0,1,0,0,1
32,76,6,1,1,1,1,1,1,0,-1.0,-1.0,0,-1.0,-1.0,0,-1.0,-1.0,0,-1.0,-1.0,0,-1.0,-1.0,0,-1.0,-1.0,0,-1.0,-1.0,0,-1.0,-1.0,0,-1.0,-1.0,0,-1.0,-1.0,0,-1.0,-1.0,0,-1.0,-1.0,0,-1.0,-1.0,0,-1.0,-1.0,0,-1.0,-1.0,0,-1.0,-1.0,1,2.0,6.0,0,-1.0,-1.0,1,2.0,7.0,0,-1.0,-1.0,0,-1.0,-1.0,0,-1.0,-1.0,-1,-1,-1,-1,-1,-1,-1,-1,-1,-1,-1,-1,-1,-1,-1,-1,-1,-1,-1,-1,-1,-1,-1,-1,-1,-1,-1,-1,-1,-1,-1,-1,-1,-1,-1,-1,-1,-1,-1,-1,-1,-1,-1,-1,-1,-1,-1,-1,-1,-1,-1,-1,-1,-1,-1,-1,-1,-1,-1,-1,-1,-1,-1,-1,-1,-1,-1,-1,-1,-1,-1,-1,-1,-1,-1,-1,-1,-1,-1,-1,-1,-1,-1,-1,-1,-1,-1,-1,-1,-1,-1,-1,-1,-1,-1,-1,-1,-1,-1,-1,-1,-1,-1,-1,-1,-1,-1,-1,-1,-1,-1,-1,-1,-1,-1,-1,-1,-1,-1,-1,-1,archers,2.0,7.0,1,0,0,1,0,0,0,1,0,0,1
32,77,6,1,1,1,1,1,1,1,2.0,7.0,0,-1.0,-1.0,0,-1.0,-1.0,0,-1.0,-1.0,0,-1.0,-1.0,0,-1.0,-1.0,0,-1.0,-1.0,0,-1.0,-1.0,0,-1.0,-1.0,0,-1.0,-1.0,0,-1.0,-1.0,0,-1.0,-1.0,0,-1.0,-1.0,0,-1.0,-1.0,0,-1.0,-1.0,0,-1.0,-1.0,0,-1.0,-1.0,0,-1.0,-1.0,1,3.0,4.0,0,-1.0,-1.0,0,-1.0,-1.0,0,-1.0,-1.0,-1,-1,-1,-1,-1,-1,-1,-1,-1,-1,-1,-1,-1,-1,-1,-1,-1,-1,-1,-1,-1,-1,-1,-1,-1,-1,-1,-1,-1,-1,-1,-1,-1,-1,-1,-1,-1,-1,-1,-1,-1,-1,-1,-1,-1,-1,-1,-1,-1,-1,-1,-1,-1,-1,-1,-1,-1,-1,-1,-1,-1,-1,-1,-1,-1,-1,-1,-1,-1,-1,-1,-1,-1,-1,-1,-1,-1,-1,-1,-1,-1,-1,-1,-1,-1,-1,-1,-1,-1,-1,-1,-1,-1,-1,-1,-1,-1,-1,-1,-1,-1,-1,-1,-1,-1,-1,-1,-1,-1,-1,-1,-1,-1,-1,-1,-1,-1,-1,-1,-1,-1,wait,-1.0,-1.0,0,0,0,1,0,0,0,1,0,0,1
32,78,8,1,1,1,1,1,1,1,2.0,7.0,0,-1.0,-1.0,0,-1.0,-1.0,0,-1.0,-1.0,0,-1.0,-1.0,0,-1.0,-1.0,0,-1.0,-1.0,0,-1.0,-1.0,0,-1.0,-1.0,0,-1.0,-1.0,0,-1.0,-1.0,0,-1.0,-1.0,0,-1.0,-1.0,0,-1.0,-1.0,0,-1.0,-1.0,1,2.0,7.0,0,-1.0,-1.0,0,-1.0,-1.0,0,-1.0,-1.0,0,-1.0,-1.0,0,-1.0,-1.0,0,-1.0,-1.0,-1,-1,-1,-1,-1,-1,-1,37,-1,-1,-1,-1,-1,-1,-1,-1,-1,-1,-1,-1,-1,-1,-1,-1,-1,-1,-1,-1,-1,-1,-1,-1,-1,-1,-1,-1,-1,-1,-1,-1,-1,-1,-1,-1,-1,-1,-1,-1,-1,-1,-1,-1,-1,-1,-1,-1,-1,-1,-1,-1,-1,-1,-1,-1,-1,-1,-1,-1,-1,-1,-1,-1,-1,-1,-1,-1,-1,-1,-1,-1,-1,-1,-1,-1,-1,-1,-1,-1,-1,-1,-1,-1,-1,-1,-1,-1,-1,-1,-1,-1,-1,-1,-1,-1,-1,-1,-1,-1,-1,-1,-1,-1,-1,-1,-1,-1,-1,-1,-1,-1,-1,knight,1.0,7.0,0,0,0,1,0,0,0,1,0,0,1
32,79,7,1,1,1,1,1,1,1,1.0,7.0,0,-1.0,-1.0,0,-1.0,-1.0,0,-1.0,-1.0,0,-1.0,-1.0,0,-1.0,-1.0,0,-1.0,-1.0,0,-1.0,-1.0,0,-1.0,-1.0,0,-1.0,-1.0,0,-1.0,-1.0,0,-1.0,-1.0,0,-1.0,-1.0,0,-1.0,-1.0,1,2.0,7.0,0,-1.0,-1.0,0,-1.0,-1.0,0,-1.0,-1.0,0,-1.0,-1.0,0,-1.0,-1.0,0,-1.0,-1.0,0,-1.0,-1.0,-1,-1,-1,-1,-1,-1,-1,-1,-1,-1,-1,-1,-1,-1,-1,-1,-1,-1,-1,-1,-1,-1,-1,-1,-1,-1,-1,-1,-1,-1,-1,-1,-1,-1,-1,-1,-1,-1,-1,-1,-1,-1,-1,-1,-1,-1,-1,-1,-1,-1,-1,-1,-1,-1,-1,-1,-1,-1,-1,-1,-1,-1,-1,-1,-1,-1,-1,-1,-1,-1,-1,-1,-1,-1,-1,-1,-1,-1,-1,-1,-1,-1,-1,-1,-1,-1,-1,-1,-1,-1,-1,-1,-1,-1,-1,-1,-1,-1,-1,-1,-1,-1,-1,-1,-1,-1,-1,-1,-1,-1,-1,-1,-1,-1,-1,-1,-1,-1,-1,-1,-1,wait,-1.0,-1.0,0,0,1,1,0,0,0,0,0,0,1
32,80,10,1,1,1,1,1,1,1,2.0,7.0,0,-1.0,-1.0,0,-1.0,-1.0,0,-1.0,-1.0,0,-1.0,-1.0,0,-1.0,-1.0,0,-1.0,-1.0,0,-1.0,-1.0,0,-1.0,-1.0,0,-1.0,-1.0,0,-1.0,-1.0,0,-1.0,-1.0,0,-1.0,-1.0,0,-1.0,-1.0,1,1.0,7.0,1,2.0,6.0,0,-1.0,-1.0,0,-1.0,-1.0,0,-1.0,-1.0,0,-1.0,-1.0,0,-1.0,-1.0,0,-1.0,-1.0,-1,-1,-1,-1,-1,-1,-1,45,-1,-1,-1,-1,-1,-1,-1,-1,-1,-1,-1,-1,-1,-1,-1,-1,-1,-1,-1,-1,-1,-1,-1,-1,-1,-1,-1,-1,-1,-1,-1,-1,-1,-1,-1,-1,-1,-1,-1,-1,-1,-1,-1,-1,-1,-1,-1,-1,-1,-1,-1,-1,-1,-1,-1,-1,-1,-1,-1,-1,-1,-1,-1,-1,-1,-1,-1,-1,-1,-1,-1,-1,-1,-1,-1,-1,48,-1,-1,-1,-1,-1,-1,-1,-1,-1,-1,-1,-1,-1,-1,-1,-1,-1,-1,-1,-1,-1,-1,-1,-1,-1,-1,-1,-1,-1,-1,-1,-1,-1,-1,-1,-1,minions,3.0,7.0,0,0,1,1,0,0,0,0,0,0,1
32,81,10,1,1,1,1,1,1,1,2.0,7.0,0,-1.0,-1.0,0,-1.0,-1.0,0,-1.0,-1.0,0,-1.0,-1.0,0,-1.0,-1.0,0,-1.0,-1.0,0,-1.0,-1.0,0,-1.0,-1.0,0,-1.0,-1.0,0,-1.0,-1.0,0,-1.0,-1.0,0,-1.0,-1.0,0,-1.0,-1.0,1,2.0,6.0,0,-1.0,-1.0,0,-1.0,-1.0,0,-1.0,-1.0,0,-1.0,-1.0,0,-1.0,-1.0,0,-1.0,-1.0,0,-1.0,-1.0,-1,-1,-1,-1,-1,-1,-1,-1,-1,-1,-1,-1,-1,-1,-1,-1,-1,-1,-1,-1,-1,-1,-1,-1,-1,-1,-1,-1,-1,-1,-1,-1,-1,-1,-1,-1,-1,-1,-1,-1,-1,-1,-1,-1,-1,-1,-1,-1,-1,-1,-1,-1,-1,-1,-1,-1,-1,-1,-1,-1,-1,-1,-1,-1,-1,-1,-1,-1,-1,-1,-1,-1,-1,-1,-1,-1,-1,-1,-1,-1,-1,-1,-1,-1,-1,-1,-1,-1,-1,-1,-1,-1,-1,-1,-1,-1,-1,-1,-1,-1,-1,-1,-1,-1,-1,-1,-1,-1,-1,-1,-1,-1,-1,-1,-1,-1,-1,-1,-1,-1,-1,arrows,2.0,5.0,0,0,1,1,0,0,0,0,0,0,1
32,82,7,1,1,1,1,1,1,0,-1.0,-1.0,1,4.0,4.0,0,-1.0,-1.0,0,-1.0,-1.0,0,-1.0,-1.0,0,-1.0,-1.0,0,-1.0,-1.0,0,-1.0,-1.0,0,-1.0,-1.0,0,-1.0,-1.0,0,-1.0,-1.0,0,-1.0,-1.0,0,-1.0,-1.0,0,-1.0,-1.0,1,2.0,6.0,0,-1.0,-1.0,0,-1.0,-1.0,0,-1.0,-1.0,0,-1.0,-1.0,0,-1.0,-1.0,0,-1.0,-1.0,0,-1.0,-1.0,-1,-1,-1,-1,-1,-1,-1,-1,-1,-1,-1,-1,-1,-1,-1,-1,-1,-1,-1,-1,-1,-1,-1,-1,-1,-1,-1,-1,-1,-1,-1,-1,-1,-1,-1,-1,-1,-1,-1,-1,-1,-1,-1,-1,-1,-1,-1,-1,-1,-1,-1,-1,-1,-1,-1,-1,-1,-1,-1,-1,-1,-1,-1,-1,-1,-1,-1,-1,-1,-1,-1,-1,-1,-1,-1,-1,-1,159,-1,-1,-1,-1,-1,-1,-1,-1,-1,-1,-1,-1,-1,-1,-1,-1,-1,-1,-1,-1,-1,-1,-1,-1,-1,-1,-1,-1,-1,-1,-1,-1,-1,-1,-1,-1,-1,-1,-1,-1,-1,-1,-1,wait,-1.0,-1.0,0,0,0,1,0,0,0,0,1,0,1
32,83,7,1,1,1,1,1,1,0,-1.0,-1.0,1,4.0,4.0,0,-1.0,-1.0,0,-1.0,-1.0,0,-1.0,-1.0,0,-1.0,-1.0,0,-1.0,-1.0,0,-1.0,-1.0,0,-1.0,-1.0,0,-1.0,-1.0,0,-1.0,-1.0,0,-1.0,-1.0,0,-1.0,-1.0,0,-1.0,-1.0,0,-1.0,-1.0,0,-1.0,-1.0,0,-1.0,-1.0,0,-1.0,-1.0,0,-1.0,-1.0,1,4.0,4.0,0,-1.0,-1.0,0,-1.0,-1.0,-1,-1,-1,-1,-1,-1,-1,-1,-1,-1,-1,-1,-1,-1,-1,-1,-1,-1,-1,-1,-1,-1,-1,-1,-1,-1,-1,-1,-1,-1,-1,-1,-1,-1,-1,-1,-1,-1,-1,-1,-1,-1,-1,-1,-1,-1,-1,-1,-1,-1,-1,-1,-1,-1,-1,-1,-1,-1,-1,-1,-1,-1,-1,-1,-1,-1,-1,-1,-1,-1,-1,-1,-1,-1,-1,-1,-1,-1,-1,-1,-1,-1,-1,-1,-1,-1,-1,-1,-1,-1,-1,-1,-1,-1,-1,-1,-1,-1,-1,-1,-1,-1,-1,-1,-1,-1,-1,-1,-1,-1,-1,-1,-1,-1,-1,-1,-1,-1,-1,-1,-1,mini pekka,2.0,7.0,0,0,0,1,0,0,0,0,1,1,1
32,84,7,1,1,1,1,1,1,0,-1.0,-1.0,1,5.0,5.0,0,-1.0,-1.0,0,-1.0,-1.0,0,-1.0,-1.0,0,-1.0,-1.0,0,-1.0,-1.0,0,-1.0,-1.0,0,-1.0,-1.0,0,-1.0,-1.0,0,-1.0,-1.0,0,-1.0,-1.0,0,-1.0,-1.0,0,-1.0,-1.0,1,6.0,6.0,1,6.0,6.0,0,-1.0,-1.0,0,-1.0,-1.0,0,-1.0,-1.0,0,-1.0,-1.0,0,-1.0,-1.0,0,-1.0,-1.0,-1,-1,-1,-1,-1,-1,-1,-1,-1,-1,-1,-1,-1,-1,-1,-1,-1,-1,-1,-1,-1,-1,-1,-1,-1,-1,-1,-1,-1,-1,-1,-1,-1,-1,-1,-1,-1,-1,-1,-1,-1,-1,-1,-1,-1,-1,-1,-1,-1,-1,-1,-1,-1,-1,-1,-1,-1,-1,-1,-1,-1,-1,-1,-1,-1,-1,-1,-1,-1,-1,-1,-1,-1,-1,-1,-1,-1,71,-1,-1,-1,-1,-1,-1,0,-1,-1,-1,-1,-1,-1,-1,-1,-1,-1,-1,-1,-1,-1,-1,-1,-1,-1,-1,-1,-1,-1,-1,-1,-1,-1,-1,-1,-1,-1,-1,-1,-1,-1,-1,-1,goblin cage,4.0,9.0,1,0,0,1,0,0,0,0,0,1,1
32,85,4,1,1,1,1,1,1,0,-1.0,-1.0,1,6.0,6.0,0,-1.0,-1.0,0,-1.0,-1.0,0,-1.0,-1.0,0,-1.0,-1.0,0,-1.0,-1.0,0,-1.0,-1.0,0,-1.0,-1.0,0,-1.0,-1.0,0,-1.0,-1.0,0,-1.0,-1.0,0,-1.0,-1.0,0,-1.0,-1.0,0,-1.0,-1.0,1,6.0,6.0,1,2.0,6.0,0,-1.0,-1.0,0,-1.0,-1.0,0,-1.0,-1.0,0,-1.0,-1.0,0,-1.0,-1.0,-1,-1,-1,-1,-1,-1,-1,-1,-1,-1,-1,-1,-1,-1,-1,-1,-1,-1,-1,-1,-1,-1,-1,-1,-1,-1,-1,-1,-1,-1,-1,-1,-1,-1,-1,-1,-1,-1,-1,-1,-1,-1,-1,-1,-1,-1,-1,-1,-1,-1,-1,-1,-1,-1,-1,-1,-1,-1,-1,-1,-1,-1,-1,-1,-1,-1,-1,-1,-1,-1,-1,-1,-1,-1,-1,-1,-1,-1,-1,-1,-1,-1,-1,-1,-1,-1,-1,-1,259,-1,-1,-1,-1,-1,-1,288,-1,-1,-1,-1,-1,-1,-1,-1,-1,-1,-1,-1,-1,-1,-1,-1,-1,-1,-1,-1,-1,-1,-1,-1,-1,wait,-1.0,-1.0,1,0,0,0,0,0,0,1,0,1,1
32,86,4,1,1,1,1,1,1,0,-1.0,-1.0,0,-1.0,-1.0,0,-1.0,-1.0,0,-1.0,-1.0,0,-1.0,-1.0,0,-1.0,-1.0,1,5.0,8.0,0,-1.0,-1.0,0,-1.0,-1.0,0,-1.0,-1.0,0,-1.0,-1.0,0,-1.0,-1.0,0,-1.0,-1.0,0,-1.0,-1.0,0,-1.0,-1.0,1,6.0,8.0,1,3.0,6.0,0,-1.0,-1.0,0,-1.0,-1.0,1,6.0,5.0,0,-1.0,-1.0,0,-1.0,-1.0,-1,-1,-1,-1,-1,-1,-1,-1,-1,-1,-1,-1,-1,-1,-1,-1,-1,-1,-1,-1,-1,-1,-1,-1,-1,-1,-1,-1,-1,-1,-1,-1,-1,-1,-1,-1,-1,-1,-1,-1,60,-1,201,-1,-1,-1,-1,-1,-1,-1,-1,-1,-1,-1,-1,-1,-1,-1,-1,-1,-1,-1,-1,-1,-1,-1,-1,-1,-1,-1,-1,-1,-1,-1,-1,-1,-1,-1,-1,-1,-1,-1,-1,-1,-1,-1,-1,-1,-1,-1,-1,-1,-1,-1,-1,214,-1,228,-1,-1,-1,-1,-1,-1,-1,-1,-1,-1,-1,-1,-1,-1,-1,-1,-1,-1,-1,-1,-1,-1,-1,archers,7.0,10.0,1,0,1,0,0,0,0,1,0,0,1
32,87,3,1,1,1,1,1,1,1,5.0,9.0,1,6.0,7.0,0,-1.0,-1.0,0,-1.0,-1.0,0,-1.0,-1.0,0,-1.0,-1.0,0,-1.0,-1.0,0,-1.0,-1.0,0,-1.0,-1.0,0,-1.0,-1.0,0,-1.0,-1.0,0,-1.0,-1.0,0,-1.0,-1.0,0,-1.0,-1.0,0,-1.0,-1.0,0,-1.0,-1.0,0,-1.0,-1.0,0,-1.0,-1.0,1,5.0,10.0,0,-1.0,-1.0,0,-1.0,-1.0,0,-1.0,-1.0,130,-1,-1,-1,-1,-1,-1,-1,-1,-1,-1,-1,-1,-1,-1,-1,-1,-1,-1,-1,-1,-1,-1,-1,-1,-1,-1,-1,-1,-1,-1,-1,-1,-1,-1,-1,-1,-1,-1,-1,-1,-1,-1,-1,-1,-1,-1,-1,-1,-1,-1,-1,-1,-1,-1,-1,-1,-1,-1,-1,-1,-1,-1,-1,-1,-1,-1,-1,-1,-1,-1,-1,-1,-1,-1,-1,-1,-1,-1,-1,-1,-1,-1,-1,-1,-1,-1,-1,-1,-1,-1,-1,-1,-1,-1,-1,-1,-1,-1,198,-1,-1,-1,-1,-1,-1,-1,-1,-1,-1,-1,-1,-1,-1,-1,-1,-1,-1,-1,-1,-1,wait,-1.0,-1.0,0,0,1,0,0,0,0,1,0,0,1
32,88,3,1,1,1,1,1,1,1,8.0,10.0,1,6.0,8.0,0,-1.0,-1.0,0,-1.0,-1.0,0,-1.0,-1.0,0,-1.0,-1.0,0,-1.0,-1.0,0,-1.0,-1.0,0,-1.0,-1.0,0,-1.0,-1.0,0,-1.0,-1.0,0,-1.0,-1.0,0,-1.0,-1.0,0,-1.0,-1.0,0,-1.0,-1.0,0,-1.0,-1.0,0,-1.0,-1.0,1,5.0,9.0,1,4.0,10.0,0,-1.0,-1.0,0,-1.0,-1.0,0,-1.0,-1.0,150,-1,-1,-1,-1,-1,-1,-1,152,-1,-1,-1,-1,-1,-1,-1,-1,-1,-1,-1,-1,-1,-1,-1,-1,-1,-1,-1,-1,-1,-1,-1,-1,-1,-1,-1,-1,-1,-1,-1,-1,-1,-1,-1,-1,-1,-1,-1,-1,-1,-1,-1,-1,-1,-1,-1,-1,-1,-1,-1,-1,-1,-1,-1,-1,-1,-1,-1,-1,-1,-1,-1,-1,-1,-1,-1,-1,-1,-1,-1,-1,-1,-1,-1,-1,-1,-1,-1,-1,-1,-1,-1,-1,-1,-1,-1,-1,-1,-1,172,-1,-1,-1,-1,-1,-1,-1,95,-1,-1,-1,-1,-1,-1,-1,-1,-1,-1,-1,-1,-1,wait,-1.0,-1.0,0,0,1,0,0,0,0,1,0,0,1
32,89,6,1,1,1,1,1,1,0,-1.0,-1.0,1,6.0,8.0,0,-1.0,-1.0,0,-1.0,-1.0,0,-1.0,-1.0,0,-1.0,-1.0,0,-1.0,-1.0,0,-1.0,-1.0,0,-1.0,-1.0,0,-1.0,-1.0,0,-1.0,-1.0,0,-1.0,-1.0,0,-1.0,-1.0,0,-1.0,-1.0,0,-1.0,-1.0,0,-1.0,-1.0,0,-1.0,-1.0,1,5.0,10.0,0,-1.0,-1.0,0,-1.0,-1.0,0,-1.0,-1.0,0,-1.0,-1.0,-1,-1,-1,-1,-1,-1,-1,-1,-1,-1,-1,-1,-1,-1,-1,-1,-1,-1,-1,-1,-1,-1,-1,-1,-1,-1,-1,-1,-1,-1,-1,-1,-1,-1,-1,-1,-1,-1,-1,-1,-1,-1,-1,-1,-1,-1,-1,-1,-1,-1,-1,-1,-1,-1,-1,-1,-1,-1,-1,-1,-1,-1,-1,-1,-1,-1,-1,-1,-1,-1,-1,-1,-1,-1,-1,-1,-1,-1,-1,-1,-1,-1,-1,-1,-1,-1,-1,-1,-1,-1,-1,-1,-1,-1,-1,-1,-1,-1,-1,-1,-1,-1,-1,-1,-1,-1,-1,-1,-1,-1,-1,-1,-1,-1,-1,-1,-1,-1,-1,-1,-1,mini pekka,6.0,9.0,0,0,1,0,0,0,0,1,1,0,1
32,90,5,1,1,1,1,1,1,0,-1.0,-1.0,0,-1.0,-1.0,0,-1.0,-1.0,0,-1.0,-1.0,0,-1.0,-1.0,0,-1.0,-1.0,0,-1.0,-1.0,0,-1.0,-1.0,0,-1.0,-1.0,0,-1.0,-1.0,0,-1.0,-1.0,0,-1.0,-1.0,0,-1.0,-1.0,0,-1.0,-1.0,0,-1.0,-1.0,0,-1.0,-1.0,0,-1.0,-1.0,1,5.0,10.0,0,-1.0,-1.0,0,-1.0,-1.0,0,-1.0,-1.0,0,-1.0,-1.0,-1,-1,-1,-1,-1,-1,-1,-1,-1,-1,-1,-1,-1,-1,-1,-1,-1,-1,-1,-1,-1,-1,-1,-1,-1,-1,-1,-1,-1,-1,-1,-1,-1,-1,-1,-1,-1,-1,-1,-1,-1,-1,-1,-1,-1,-1,-1,-1,-1,-1,-1,-1,-1,-1,-1,-1,-1,-1,-1,-1,-1,-1,-1,-1,-1,-1,-1,-1,-1,-1,-1,-1,-1,-1,-1,-1,-1,-1,-1,-1,-1,-1,-1,-1,-1,-1,-1,-1,-1,-1,-1,-1,-1,-1,-1,-1,-1,-1,-1,-1,-1,-1,-1,-1,-1,-1,-1,-1,-1,-1,-1,-1,-1,-1,-1,-1,-1,-1,-1,-1,-1,wait,-1.0,-1.0,1,0,1,0,0,0,0,1,0,0,1
